ta_name,delta_Abrupt_Cy_S,delta_Abrupt_Cy_M,delta_Abrupt_Cy_L,delta_Abrupt_R_S,delta_Abrupt_R_M,delta_Abrupt_R_L,delta_Abrupt_Os_S,delta_Abrupt_Os_M,delta_Abrupt_Os_L,delta_Abrupt_Oh_S,delta_Abrupt_Oh_M,delta_Abrupt_Oh_L,delta_Abrupt_D_S,delta_Abrupt_D_M,delta_Abrupt_D_L,delta_Abrupt_Eu_S,delta_Abrupt_Eu_M,delta_Abrupt_Eu_L,year_period
Ashburton District,0.1,0.033333333333333326,-0.13333333333333333,-72.8,-219.66666666666666,248.73333333333335,0.0,-33.36333333333333,28.721333333333327,0.0,-2.2,2.0,1.4,-25.933333333333344,25.080000000000013,0.1,-9.1,-3.6,2019-2020
Ashburton District,0.1,0.033333333333333326,-0.13333333333333333,35.1,-48.46666666666667,-21.53333333333333,0.0,-3.333333333333333,-65.26666666666667,2.2,-1.3333333333333335,1.2,-3.0,-15.799999999999999,-4.2666666666666675,0.1,-0.1,0.0,2020-2021
Ashburton District,0.1,0.033333333333333326,-0.13333333333333333,-30.9,-143.89999999999998,91.26666666666667,0.0,-2.8666666666666663,-9.666666666666668,0.2,-2.7333333333333334,2.3333333333333335,-3.4,9.6,128.4,0.1,-0.1,0.0,2021-2022
Ashburton District,-1.0,-2.1,-6.133333333333334,233.25,-61.56666666666666,-62.2,0.0,5.133333333333334,59.86666666666667,0.2,0.26666666666666666,-0.4666666666666667,47.845000000000006,10.0,-52.54999999999999,-1.0,-0.1,1.0,2022-2023
Ashburton District,1.441,9.322666666666667,12.95,89.67300000000007,-124.30866666666674,75.96666666666667,0.0,-33.36266666666667,32.94666666666665,-1.395,0.14933333333333298,1.093333333333332,-38.75300000000001,47.091666666666676,-9.720000000000004,6.127000000000001,2.656,3.95,2023-2024
Auckland Council,-6.3999999999999995,-5.690000000000012,6.466666666666667,-275.8100000000002,-1706.2366666666699,40.0799999999997,7.9,-3.8133333333333352,-28.8,2.3,-23.3,-53.8,6.6,0.0,-6.0,-0.20800000000000002,8.433333333333334,-4.919999999999999,2019-2020
Auckland Council,0.3,-40.53333333333332,37.42,357.8000000000004,-744.3899999999999,261.4666666666667,-9.0,-16.533333333333328,22.913333333333334,-3.0,-30.766666666666662,29.2,0.6,-0.6,0.0,2.58,-1.8719999999999999,-1.8133333333333344,2020-2021
Auckland Council,0.3,4.033333333333333,-8.466666666666667,1117.1,-958.6333333333332,199.4000000000001,0.0,-9.266666666666666,7.333333333333333,0.0,-38.0,33.46666666666667,0.6,-0.6,0.0,-3.0,-0.2999999999999998,0.7999999999999998,2021-2022
Auckland Council,-3.0,-41.96666666666666,-4.333333333333333,-2659.6,377.6333333333333,-1560.0666666666666,22.418,3.2613333333333383,-9.733333333333334,5.5,7.533333333333333,-24.0,-6.0,-0.6,0.0,0.19799999999999998,1.9333333333333331,-5.18,2022-2023
Auckland Council,0.0,56.79466666666667,-13.453333333333338,4157.3,12.199999999999818,116.26666666666665,13.72,1.1419999999999955,-0.8913333333333338,35.029,-40.02533333333334,30.75666666666669,6.6,0.0,0.0,9.049000000000001,9.315333333333333,-10.133333333333333,2023-2024
Banks Peninsula District,0.0,0.0,0.0,0.0,0.0,0.0,0.0,0.0,0.0,0.0,0.0,0.0,0.0,0.0,0.0,0.0,0.0,0.0,2023-2024
Buller District,0.0,-1.9333333333333333,-0.2,270.0200000000001,-247.37466666666663,-140.11999999999995,0.0,-6.133333333333333,5.666666666666667,0.0,6.933333333333334,-0.5333333333333333,-69.9,66.83333333333333,-22.2,0.0,0.0,0.0,2019-2020
Buller District,0.0,0.06666666666666667,-4.066666666666666,283.4,-28.299999999999997,21.666666666666664,1.1,-5.533333333333333,-11.866666666666667,15.4,-2.2666666666666666,1.0666666666666667,-12.5,38.166666666666664,-26.533333333333335,0.0,0.0,0.0,2020-2021
Buller District,0.0,-1.0,-2.066666666666667,85.4,75.0,-28.799999999999997,26.5,-1.7666666666666668,-9.466666666666667,35.5,-0.6666666666666666,-1.7333333333333334,-48.1,61.7,-17.266666666666666,0.0,0.0,0.0,2021-2022
Buller District,0.0,0.0,-23.0,-234.80499999999995,258.6533333333333,-28.4,17.250999999999998,-2.1666666666666665,-13.74333333333333,-35.672,35.188,-0.7333333333333333,-79.0,-388.43333333333334,-74.2,0.0,0.0,-8.0,2022-2023
Buller District,0.0,0.0,55.0,207.97199999999992,99.72633333333336,-41.303333333333285,-7.5769999999999955,-5.640999999999999,13.04666666666669,-0.4500000000000006,8.314666666666664,-14.607999999999997,60.04900000000001,334.0426666666666,135.90333333333334,0.0,0.8106666666666666,6.25,2023-2024
Carterton District,0.0,0.13333333333333333,-0.13333333333333333,-38.5,22.600000000000023,-9.133333333333326,0.0,-0.8,0.6666666666666667,2.6,-2.533333333333333,-0.06666666666666667,0.0,1.6,-1.6,0.7,-1.8,0.0,2019-2020
Carterton District,0.0,0.13333333333333333,-0.13333333333333333,222.3,3335.3,515.2,0.0,-0.9333333333333333,0.8,2.6,-2.533333333333333,1.9333333333333333,14.3,16.53333333333333,-1.6,1.7,-1.7,0.0,2020-2021
Carterton District,0.0,0.13333333333333333,-0.13333333333333333,312.7,54.56666666666666,-233.79999999999995,0.0,1.0666666666666667,-1.0666666666666667,1.5,-2.533333333333333,-0.06666666666666667,-13.0,1.2333333333333332,-2.533333333333333,1.7,-1.7,0.0,2021-2022
Carterton District,0.0,-2.0,-0.13333333333333333,-826.9,471.56666666666666,-493.8666666666667,0.0,1.0666666666666667,-44.06666666666667,0.18999999999999861,-2.433333333333333,-12.966666666666665,0.0,2.533333333333333,-2.533333333333333,-17.0,-1.7,0.0,2022-2023
Carterton District,0.044,2.1013333333333333,0.0,3107.53,-3090.286666666667,902.7333333333333,0.0,-1.0666666666666667,43.93333333333333,-14.001,-2.223333333333333,14.743333333333329,0.0,-17.104,15.876666666666667,10.505,4.650666666666667,13.09,2023-2024
Central Hawke's Bay District,1.3860000000000001,2.015333333333334,-4.314666666666667,6142.684,-5948.999999999999,-762.8899999999998,20.033,-40.61333333333334,-103.40666666666667,11.802,-34.282000000000004,-81.79666666666667,0.836,-3.389333333333335,-21.618666666666666,-89.068,65.768,-114.10666666666667,2023-2024
Central Hawkes Bay District,0.1,0.1,0.8,-203.7,-296.2666666666667,280.73333333333335,-61.3,30.866666666666667,32.266666666666666,14.3,-14.200000000000001,5.933333333333334,0.0,0.8,-0.8,6.800000000000001,-129.9,-17.933333333333334,2021-2022
Central Hawkes Bay District,12.2,13.966666666666667,-1.2,985.2,-359.4333333333333,223.66666666666669,71.548,-30.700000000000003,13.253333333333327,65.4,-7.700000000000001,-7.6,0.0,0.8,-6.8,25.01400000000001,-13.47466666666666,-9.120000000000001,2022-2023
Central Otago District,4.444,3.1573333333333333,0.0,1.7339999999999973,-268.6693333333334,294.8666666666667,29.3,-180.9,139.46666666666667,0.6,-9.066666666666666,7.8,63.3,130.7,-152.2,0.0,0.06666666666666667,-0.06666666666666667,2019-2020
Central Otago District,-4.04,-3.364,-0.19733333333333333,-4.389999999999998,-275.0539999999999,258.72933333333333,173.4,-68.23333333333333,-127.4,-6.0,-8.666666666666666,53.46666666666667,-272.0,-431.16666666666663,-315.6,0.0,-1.0,-0.06666666666666667,2020-2021
Central Otago District,0.0,0.0,0.0,36.6,-76.61666666666666,-14.3,99.6,-63.26666666666667,-78.06666666666666,0.0,-2.2666666666666666,-44.93333333333333,80.3,650.8,-18.133333333333326,0.0,0.0,0.0,2021-2022
Central Otago District,0.0,11.733333333333333,-4.0,385.6,23.299999999999997,-17.933333333333334,164.00199999999992,-38.312000000000026,-115.97333333333336,0.0,0.7333333333333333,-3.7333333333333334,-30.0,223.89999999999998,-186.8,0.0,0.0,-28.0,2022-2023
Central Otago District,0.0,-5.389333333333334,5.006666666666667,-27.049999999999997,70.42933333333336,-44.98999999999992,15.95300000000001,-10.70866666666667,20.491999999999994,0.0,-3.533333333333333,6.266666666666667,115.28900000000002,251.21599999999987,-166.57999999999998,0.0,0.0,28.0,2023-2024
Christchurch City,0.0,-8.866666666666667,8.133333333333333,101.9,-1085.3333333333333,898.0666666666666,0.7,-395.96666666666664,368.2,0.0,-186.86666666666667,172.33333333333334,0.0,-4.2,3.4000000000000004,0.0,-5.533333333333333,5.066666666666666,2019-2020
Christchurch City,0.0,-9.6,8.866666666666667,59.0,-395.5666666666666,261.83333333333337,0.7,-32.63333333333334,29.266666666666666,0.0,-16.866666666666667,13.866666666666667,0.0,-11.4,10.2,0.0,-6.0,5.533333333333333,2020-2021
Christchurch City,0.0,-6.066666666666666,5.6,78.3,-551.1333333333333,440.66666666666663,0.7,-24.633333333333333,19.933333333333334,0.0,-19.866666666666667,16.866666666666667,0.0,-9.4,8.4,0.0,-4.333333333333333,4.0,2021-2022
Christchurch City,0.0,3.0666666666666664,-2.9333333333333336,88.8,-27.96666666666667,-46.866666666666674,-7.0,7.787999999999996,-7.336666666666648,0.0,25.133333333333333,-36.13333333333333,0.0,5.6,-10.6,0.0,-10.0,9.333333333333334,2022-2023
Christchurch City,13.497,32.832,-17.116666666666664,323.8,-357.4666666666667,310.66666666666663,103.213,63.316666666666684,-137.578,0.0,-51.78400000000001,59.97666666666668,5.269,-9.333333333333332,4.610000000000008,12.65,10.517333333333335,-17.36,2023-2024
Clutha District,-39.9,324.3,-21.06666666666667,3665.4,-2066.000000000003,2283.3799999999997,256.7,-16.7,34.6,0.8,1.5999999999999999,4.533333333333333,271.8,16.75,-201.60000000000002,8.9,29.16666666666667,-49.93333333333333,2019-2020
Clutha District,-11.0,-16.76666666666666,-26.6,3084.0,-1630.8666666666668,304.5999999999999,123.5,-33.366666666666674,-52.2,253.8,577.5333333333334,48.6,-837.6,-1125.6999999999998,-749.2,294.9,-85.9,-59.06666666666667,2020-2021
Clutha District,-54.9,-312.26666666666665,-37.333333333333336,1775.6,-2339.2,-999.5333333333333,352.5,-35.7,-19.333333333333332,-191.8,-576.4666666666666,-91.33333333333334,338.5,3078.866666666667,-179.60000000000002,60.2,-123.23333333333333,-50.0,2021-2022
Clutha District,15.033999999999997,28.366666666666667,-59.67333333333333,4066.6,50.333333333333485,-1547.8,-27.5,-28.033333333333335,-47.8,-13.4,-1.8666666666666667,-3.3333333333333335,-1152.6,792.0333333333333,-231.26666666666665,-30.889999999999976,-23.533333333333335,33.72333333333334,2022-2023
Clutha District,-28.576999999999998,-0.6273333333333326,34.143333333333345,4214.5,-1029.9520000000018,-691.8433333333332,271.6,-34.638666666666666,-10.33666666666667,28.219,-4.906666666666668,-5.283333333333337,190.80300000000003,-1890.6000000000001,1546.7466666666674,36.685999999999964,57.24999999999997,-108.21666666666668,2023-2024
Dunedin City,0.0,-13.4,-12.8,1577.0,-1839.0166666666664,1239.3333333333333,24.7,-39.1,55.6,1.1,-7.533333333333333,51.0,-4.2,7.283333333333335,0.43333333333333357,-2.0,-4.2,-8.266666666666667,2019-2020
Dunedin City,0.0,-27.4,26.4,130.10000000000002,-357.9,168.06666666666666,12.3,-14.833333333333332,-28.8,-1.0,0.3666666666666667,-0.4666666666666667,-27.7,37.56666666666666,-19.533333333333335,0.0,0.0,-9.0,2020-2021
Dunedin City,0.0,-28.333333333333332,0.3999999999999999,-248.5,195.43333333333334,-536.6,87.8,-16.5,16.133333333333333,0.0,-0.6,0.5333333333333333,-13.1,-19.966666666666665,15.133333333333333,0.0,0.0,-16.0,2021-2022
Dunedin City,0.0,27.333333333333332,-20.666666666666668,-48.605000000000246,339.96666666666664,-443.9833333333332,22.8,-5.306666666666668,-19.450000000000006,0.0,13.466666666666667,-12.65,28.51,2.366666666666667,-49.43333333333324,0.0,0.0,-1.0,2022-2023
Dunedin City,0.0,30.535999999999998,-21.77333333333333,1235.0180000000003,-268.2143333333338,-303.7066666666669,22.8,-9.628666666666662,-12.453333333333319,15.917000000000002,-3.017999999999999,-13.716666666666667,380.88599999999997,19.056666666666665,-364.41666666666674,0.0,0.0,4.990000000000002,2023-2024
Far North District,0.8,1.333333333333334,-0.4666666666666668,5206.5999999999985,-1893.2900000000004,-205.5999999999999,15.1,6.199999999999999,4.466666666666667,-15.9,-19.133333333333333,10.866666666666667,0.0,0.0,0.0,2.1,4.633333333333333,6.533333333333333,2019-2020
Far North District,-4.7,-22.46666666666667,24.866666666666667,3713.5,-2341.8333333333335,268.5999999999999,53.8,-16.96666666666667,-26.0,86.5,3.366666666666667,-20.06666666666667,0.0,0.0,0.0,2.1,-3.633333333333333,7.266666666666667,2020-2021
Far North District,-1.9,-4.566666666666667,-0.33333333333333304,3878.5,854.6333333333332,-544.6666666666665,26.6,-2.200000000000001,-10.133333333333333,100.5,-7.766666666666666,-91.46666666666667,0.0,0.0,0.0,89.0,-6.033333333333333,-3.466666666666667,2021-2022
Far North District,-1.0,18.606666666666662,-15.833333333333329,5062.2,-1215.3000000000002,-2687.133333333333,11.459999999999994,-3.466666666666667,7.800000000000006,42.5,8.100000000000001,7.266666666666666,0.0,0.0,0.0,-16.89499999999999,-10.066666666666666,-0.6166666666666498,2022-2023
Far North District,5.5,0.07066666666666865,-0.41666666666666874,975.1999999999998,654.5333333333333,-779.1999999999998,61.86900000000003,-3.5319999999999947,2.056666666666665,422.9,5.966666666666665,-5.600000000000001,0.0,0.0,0.0,102.30899999999998,-10.773666666666667,32.76666666666666,2023-2024
Franklin District,0.0,0.0,0.0,0.0,0.0,0.0,0.0,0.0,0.0,0.0,0.0,0.0,0.0,0.0,0.0,0.0,0.0,0.0,2023-2024
Gisborne District,17.7,-10.366666666666667,5.066666666666666,4299.719999999997,-8396.659999999982,3285.880000000001,-45.7,-8.1,13.666666666666666,272.7,-55.266666666666666,-184.33333333333334,32.38,-211.7133333333333,89.66666666666667,174.78,-16.081666666666667,-77.48333333333333,2019-2020
Gisborne District,-10.8,12.166666666666666,-7.133333333333334,6497.900000000003,-5125.986666666673,416.8599999999997,74.4,-25.96666666666666,13.4,-0.7000000000000028,-70.56666666666666,4.066666666666666,-59.70000000000001,96.82,-345.6666666666667,45.499999999999986,-12.163333333333336,-78.33333333333333,2020-2021
Gisborne District,4.2,-19.733333333333334,-3.8666666666666663,1315.0,-5149.433333333334,4321.866666666667,93.8,-23.799999999999997,-12.333333333333334,-246.0,431.23333333333335,1.8666666666666663,-111.0,79.69999999999999,292.8,-115.8,98.73333333333333,80.53333333333333,2021-2022
Gisborne District,-23.575,25.8,-10.216666666666667,849.9000000000001,841.0666666666666,-1869.6666666666665,-93.4,103.46666666666667,-25.6,29.1,-430.4,-44.53333333333333,13.95,-236.86666666666667,-193.8,-19.840000000000007,-3.333333333333332,6.8666666666666725,2022-2023
Gisborne District,-16.75,-106.675,-112.25,8692.8,-3969.4999999999995,-17030.066666666666,-186.0,-292.6,-143.26666666666665,-181.0,-81.83333333333333,-206.6,-194.5,316.18333333333334,-474.6333333333333,-165.6,-194.56,-32.26666666666667,2023-2024
Gore District,0.0,0.9333333333333333,-0.9333333333333333,-6.0,-406.93333333333334,379.93333333333334,0.0,-56.266666666666666,52.46666666666667,0.0,-0.5333333333333333,0.4666666666666667,0.0,107.0,-53.400000000000006,3.7,20.1,-23.8,2019-2020
Gore District,0.0,0.9333333333333333,-0.9333333333333333,70.4,137.2,54.33333333333333,0.0,-0.33333333333333337,0.2666666666666667,0.0,0.4666666666666667,-0.4666666666666667,0.0,71.26666666666667,-71.0,264.4,-152.7,-23.8,2020-2021
Gore District,0.0,2.0,-0.9333333333333333,6.4,-54.53333333333334,40.8,0.0,0.6666666666666666,-0.6666666666666666,0.0,-0.6,0.5333333333333333,0.0,234.8,-69.26666666666667,247.4,-35.733333333333334,-36.0,2021-2022
Gore District,0.0,-15.0,-1.0,-64.0,13.866666666666667,-22.866666666666667,0.0,1.7333333333333334,-0.6666666666666666,0.0,0.4,-0.4,0.0,-55.400000000000006,-91.8,-474.0,-222.4,-23.666666666666664,2022-2023
Gore District,1.375,12.085333333333333,1.42,50.446,14.050666666666679,1.263333333333307,0.0,-0.33333333333333337,-0.7333333333333333,0.0,0.4,-0.4,0.0,74.06666666666666,-82.6,240.097,435.3066666666667,34.62,2023-2024
Grey District,0.0,8.266666666666667,-12.466666666666667,968.2089999999997,43.681333333333384,-553.7733333333333,7.8,-3.833333333333333,33.4,-2.0,1.8666666666666663,-6.4,9.1,11.666666666666668,-33.53333333333333,1.0,-2.0,-0.06666666666666667,2019-2020
Grey District,0.0,4.866666666666667,-5.2666666666666675,385.81000000000006,23.61099999999999,-333.94733333333335,21.5,-3.4,-21.466666666666665,0.0,6.0,-7.066666666666666,9.9,18.96666666666667,-32.06666666666666,1.0,-1.0,0.0,2020-2021
Grey District,11.0,8.733333333333333,-11.866666666666667,1273.7,-367.93333333333334,-355.0,32.0,-7.3,-13.4,0.0,7.0,-6.0,11.9,-4.299999999999997,-61.06666666666666,-10.0,-1.0,0.0,2021-2022
Grey District,-10.0,-162.0,-126.73333333333333,-1842.9,-6367.7,-525.6666666666667,-70.0,-7.866666666666666,-206.2,0.0,-105.0,-65.0,-119.0,-455.9,-299.6,0.0,0.0,-1.0,2022-2023
Grey District,0.8029999999999999,212.032,93.49,2338.788,5167.497333333333,267.1199999999999,77.429,62.04266666666666,204.4466666666667,6.457,45.58933333333333,132.38,70.213,552.896,189.82999999999998,0.0,0.0,-0.010000000000005116,2023-2024
Hamilton City,0.0,0.0,0.0,2.2,3.2,8.0,0.0,0.0,0.0,0.0,0.0,0.0,0.0,0.0,0.0,0.0,0.0,0.0,2019-2020
Hamilton City,0.0,0.0,0.0,0.2,0.0,-0.2,0.0,0.0,0.0,0.0,0.0,0.0,0.0,0.0,0.0,0.0,0.0,0.0,2020-2021
Hamilton City,0.0,0.0,0.0,0.2,0.0,-0.2,0.0,0.0,0.0,0.0,0.0,0.0,0.0,0.0,0.0,0.0,0.0,0.0,2021-2022
Hamilton City,0.0,0.0,0.0,-2.0,-3.2,-8.2,0.0,0.0,0.0,0.0,0.0,0.0,0.0,0.0,0.0,0.0,0.0,0.0,2022-2023
Hamilton City,0.0,0.0,0.0,5.962,5.8773333333333335,2.0700000000000003,0.0,0.0,0.0,0.0,0.0,0.0,0.0,0.0,0.0,0.0,0.0,0.0,2023-2024
Hastings District,2.0,0.10333333333333528,-2.491999999999999,1348.5,-2437.83,193.48000000000002,10.0,840.4666666666667,4.266666666666667,11.7,-12.283333333333331,-2.2,0.1,-60.02,50.55199999999999,-143.2,138.39999999999998,-0.2,2019-2020
Hastings District,-4.6,32.6,-9.933333333333334,3385.5,-114.80000000000291,-339.72000000000025,40.8,-772.9333333333333,-76.46666666666667,49.7,0.13333333333333375,-22.866666666666667,0.1,-48.9,19.4,32.1,29.0,-9.2,2020-2021
Hastings District,-6.3,-29.133333333333333,-9.6,1389.6,-3506.7,1683.0,19.95,-45.266666666666666,194.43333333333334,526.2,-17.833333333333332,2.666666666666667,0.1,-1.1,11.8,17.9,-79.43333333333332,-11.8,2021-2022
Hastings District,38.518,-23.299999999999997,10.353333333333335,4209.1,245.9333333333334,-2929.8,10.7,-47.38333333333333,-30.03333333333333,46.9,-28.533333333333335,12.133333333333333,-1.0,150.16666666666669,-127.0,53.35,-38.13466666666666,-7.446666666666668,2022-2023
Hastings District,-31.931000000000004,18.75533333333334,-31.020000000000003,9012.109000000002,-1176.4733333333318,-8493.113333333333,-48.37800000000001,18.976000000000006,-279.3666666666667,-566.66,-114.82,-89.26666666666667,6.6659999999999995,-88.616,86.32333333333334,12.816000000000003,158.87,-24.26533333333333,2023-2024
Hauraki District,2.0,-2.0,0.0,216.90000000000003,-448.41333333333336,270.09999999999997,21.2,-29.9,-4.533333333333333,2.0,-0.20000000000000018,-1.8666666666666667,0.8,-0.8,0.0,0.0,0.06666666666666667,-0.06666666666666667,2019-2020
Hauraki District,-20.0,19.333333333333332,0.0,-81.55,70.16666666666666,126.33333333333333,-20.9,21.533333333333335,-2.4,-14.5,16.8,-2.8,-8.0,7.733333333333333,0.0,0.0,0.06666666666666667,-0.06666666666666667,2020-2021
Hauraki District,0.0,-1.8666666666666667,-1.3333333333333333,89.6,-338.04999999999995,89.63333333333334,0.1,-0.6333333333333329,-5.733333333333333,-0.6,-20.166666666666668,6.2,0.0,-8.0,-0.5333333333333333,0.0,0.06666666666666667,-0.06666666666666667,2021-2022
Hauraki District,0.0,-17.0,-4.133333333333333,-71.40199999999993,199.8093333333333,16.129999999999967,10.143,-0.95333333333333,-8.556666666666667,24.171,-21.11733333333333,-2.3333333333333335,0.0,0.0,0.0,0.0,-1.0,-0.06666666666666667,2022-2023
Hauraki District,5.489,10.154666666666666,4.49,-30.459000000000046,-5.369333333333188,61.8506666666667,1.1229999999999998,-3.224333333333341,1.7733333333333339,-14.434,10.545,3.107333333333333,0.0,0.0,0.0,0.253,0.8213333333333334,0.0,2023-2024
Horowhenua District,0.0,0.3999999999999997,-1.1266666666666665,-20.999999999999915,-311.2266666666667,350.73333333333323,-0.85,-0.25166666666666515,0.9900000000000015,-2.13,-20.413,20.929999999999996,0.0,0.0,0.0,0.4,-1.4,0.9333333333333333,2019-2020
Horowhenua District,0.0,0.8,-1.8,798.9,1314.2,393.4666666666667,0.0,-5.733333333333333,8.266666666666666,0.0,-0.2666666666666667,0.19999999999999996,0.0,0.0,12.0,0.4,-0.4,2.0,2020-2021
Horowhenua District,0.0,-1.3333333333333335,0.19999999999999996,159.1,44.099999999999994,-265.8,0.0,0.19999999999999996,-0.2666666666666666,0.0,-9.933333333333334,9.266666666666667,0.0,0.0,0.0,0.4,-0.4,0.0,2021-2022
Horowhenua District,0.0,-2.042666666666667,2.8733333333333335,141.6,105.23333333333335,-248.0,0.0,3.8453333333333335,-3.6800000000000006,86.13,0.06666666666666667,20.633333333333336,0.0,0.0,-12.0,4.162,-0.4,-3.4200000000000017,2022-2023
Horowhenua District,0.15400000000000003,2.1720000000000015,-2.207333333333333,87.19999999999999,-53.65599999999978,-47.59333333333356,0.0,-0.6826666666666685,0.5546666666666649,-6.117999999999992,-7.763333333333334,12.613333333333326,0.9129999999999999,0.0,11.17,2.271000000000001,1.0393333333333332,-3.0699999999999985,2023-2024
Hurunui District,-12.5,13.2,-3.4000000000000004,1357.2799999999995,-821.8566666666666,277.4000000000001,-216.8,150.92,-89.58666666666666,0.0,-14.8,13.666666666666666,119.9,249.13333333333333,-262.4666666666667,0.0,0.9333333333333333,-0.9333333333333333,2019-2020
Hurunui District,-3.9,9.766666666666666,-6.0,-877.2999999999993,-1068.2800000000002,489.8666666666668,-2.1999999999999993,87.80000000000004,-135.32000000000005,6.6,-2.0666666666666664,0.7999999999999998,-77.5,-156.56666666666663,112.66666666666666,0.0,0.9333333333333333,-0.9333333333333333,2020-2021
Hurunui District,0.1,7.233333333333333,-6.266666666666667,143.2,-1503.3,343.4000000000001,66.8,205.86666666666667,-163.8,0.6,-2.9333333333333327,6.066666666666666,-104.9,-280.9666666666667,171.66666666666666,0.0,0.9333333333333333,-0.9333333333333333,2021-2022
Hurunui District,0.7160000000000001,-4.902666666666664,1.5566666666666675,849.9610000000002,-413.8773333333336,-826.2,315.35099999999994,-123.2693333333334,109.1133333333333,16.572,-19.200000000000003,2.813333333333337,-208.05599999999998,72.94266666666664,-1.3633333333332587,0.0,-14.0,-1.9333333333333333,2022-2023
Hurunui District,5.6450000000000005,-36.31066666666666,38.54266666666666,1696.3899999999999,-2440.3036666666667,380.75733333333346,59.60500000000007,195.5636666666668,-116.32066666666657,-18.363999999999997,21.345333333333333,-2.410000000000005,-148.78300000000002,-178.69399999999996,191.45733333333337,21.064999999999998,9.130666666666666,27.299999999999997,2023-2024
Invercargill City,0.0,0.0,0.0,43.6,-83.53333333333333,13.600000000000001,0.0,-2.0,1.8666666666666667,0.0,0.0,0.0,0.0,0.0,0.0,0.0,0.0,0.0,2019-2020
Invercargill City,0.0,0.0,0.0,10.5,-27.0,13.933333333333334,0.0,0.0,0.0,0.0,0.0,0.0,0.0,0.0,0.0,0.0,0.0,0.0,2020-2021
Invercargill City,0.0,0.0,0.0,28.2,-18.96666666666667,56.4,0.0,0.0,0.0,0.0,0.0,0.0,0.0,0.0,0.0,0.0,0.0,0.0,2021-2022
Invercargill City,0.0,4.266666666666667,0.0,182.45,-107.26666666666667,-16.03333333333333,0.0,0.0,0.0,0.0,0.0,0.0,0.0,0.0,0.0,4.4,0.0,0.0,2022-2023
Invercargill City,0.0,2.4,-0.26666666666666666,-101.9,120.50866666666667,-16.12333333333333,0.0,0.0,0.0,0.0,0.0,0.0,0.0,0.0,0.0,0.4,-0.4,0.0,2023-2024
Kaikoura District,0.0,0.5333333333333333,-0.5333333333333333,4.7,-143.7,127.13333333333333,0.0,0.4666666666666667,-0.4666666666666667,0.0,0.0,0.0,1.2,-2.0,0.6666666666666667,0.0,0.0,0.0,2019-2020
Kaikoura District,0.0,0.5333333333333333,-0.5333333333333333,4.7,-59.56666666666667,51.0,0.0,0.4666666666666667,-0.4666666666666667,0.0,0.0,0.0,1.2,0.0,-1.2,0.0,0.0,0.0,2020-2021
Kaikoura District,0.0,0.5333333333333333,-0.5333333333333333,16.8,-249.96666666666667,291.8666666666667,0.0,0.4666666666666667,-0.4666666666666667,0.0,0.0,0.0,-4.3,-3.2,6.8,0.0,0.0,0.0,2021-2022
Kaikoura District,0.0,2.6666666666666665,-2.533333333333333,465.6,239.26666666666665,-15.733333333333333,0.0,0.4666666666666667,-0.4666666666666667,0.0,0.0,-1.0,4.66,6.273333333333335,-10.21,0.0,2.1333333333333333,-1.0,2022-2023
Kaikoura District,0.0,-0.5600000000000004,-0.5166666666666666,743.5590000000001,-263.29333333333335,8.64333333333337,0.0,0.4666666666666667,-0.4666666666666667,0.187,0.0,0.8300000000000001,-9.148,5.454666666666667,3.1066666666666634,0.11,-1.648,1.4366666666666668,2023-2024
Kaipara District,0.2,0.5333333333333332,-0.8666666666666667,2530.0,-953.516666666667,-581.3066666666663,0.0,1.4666666666666668,-1.7333333333333334,5.214,12.666666666666668,-5.873333333333328,0.0,0.0,0.0,12.201,-2.133333333333333,0.05666666666666664,2019-2020
Kaipara District,-2.0,2.533333333333333,-3.7333333333333334,5086.0,-2267.633333333333,389.0666666666667,24.2,-21.2,6.533333333333333,37.104,-3.2073333333333345,-25.96666666666668,0.0,0.0,0.0,2.3899999999999997,-72.291,51.24333333333333,2020-2021
Kaipara District,0.0,2.7333333333333334,-2.7333333333333334,2760.4,-1813.4,-350.8666666666667,4.4,22.933333333333334,-45.8,-32.54,-0.47066666666666634,1.7733333333333405,0.0,0.0,0.0,3.4,-2.3,1.0,2021-2022
Kaipara District,0.0,2.7333333333333334,-2.7333333333333334,3820.5,-2114.133333333333,512.4,10.078,2.733333333333334,-2.1133333333333377,38.274,-4.5,-16.66333333333333,0.0,0.0,0.0,44.937000000000005,-2.4,23.33,2022-2023
Kaipara District,0.0,-17.85333333333333,17.556666666666665,3801.2,-1646.5666666666666,606.7333333333333,29.058,-5.431333333333332,4.266666666666672,4.450999999999999,-83.934,73.52,0.0,0.0,0.0,16.299000000000007,-0.9763333333333337,-17.069999999999993,2023-2024
Kapiti Coast District,0.0,4.333333333333333,-0.06666666666666667,-61.00000000000004,-375.4866666666667,355.5333333333333,0.0,-0.6666666666666667,0.5333333333333334,0.0,-1.0,0.8666666666666667,0.0,0.2,-0.2,0.0,0.0,0.0,2019-2020
Kapiti Coast District,0.0,-3.933333333333333,-0.3333333333333333,-1.8000000000000007,-108.53333333333332,17.66666666666667,0.0,-2.9333333333333336,2.666666666666667,0.0,-1.1333333333333333,1.0,0.0,0.2,-0.2,0.0,0.0,0.0,2020-2021
Kapiti Coast District,0.0,0.06666666666666667,-0.06666666666666667,29.2,26.799999999999997,-136.66666666666669,0.0,1.0666666666666667,-1.0666666666666667,0.0,0.8666666666666667,-0.8666666666666667,0.0,0.2,-0.2,0.0,0.0,0.0,2021-2022
Kapiti Coast District,0.0,-1.0,-0.06666666666666667,19.2,50.8,-70.0,0.0,1.0666666666666667,-1.0666666666666667,0.0,0.8666666666666667,-0.8666666666666667,0.0,-3.0,-0.2,0.0,0.0,0.0,2022-2023
Kapiti Coast District,0.0,0.0,0.0,1.6000000000000014,-158.26666666666665,-268.0,0.0,1.0666666666666667,-1.0666666666666667,0.0,-0.19999999999999996,0.1333333333333333,0.0,1.6533333333333333,1.45,0.0,0.0,0.0,2023-2024
Kawerau District,0.0,0.0,0.0,-43.0,-2.433333333333333,-1.8666666666666667,0.0,0.0,0.0,-42.0,-4.0,-0.2,0.0,0.0,0.0,0.0,2.066666666666667,-2.066666666666667,2019-2020
Kawerau District,0.0,0.0,0.0,0.0,1.8666666666666667,-1.8666666666666667,0.0,0.0,0.0,0.0,0.2,-0.2,0.0,0.0,0.0,0.0,2.066666666666667,-2.066666666666667,2020-2021
Kawerau District,0.0,0.0,0.0,557.7,1.8666666666666667,-1.8666666666666667,0.0,0.0,0.0,1.1,-3.0,2.8,0.0,0.0,0.0,0.0,-9.666666666666666,8.933333333333334,2021-2022
Kawerau District,0.0,0.0,0.0,-507.0,-78.7,-7.866666666666667,0.0,0.0,0.0,-1.0,-0.1,0.0,0.0,0.0,0.0,0.0,-20.0,-12.333333333333334,2022-2023
Kawerau District,0.0,0.0,0.0,211.06799999999998,207.87199999999999,106.23,0.0,0.0,0.0,0.869,0.21333333333333335,0.0,0.0,0.0,0.0,0.0,0.0,0.0,2023-2024
Lower Hutt City,0.0,0.0,0.0,0.0,-40.666666666666664,13.666666666666668,0.0,0.13333333333333333,-0.13333333333333333,0.0,0.0,0.0,0.0,0.0,0.0,0.0,0.0,0.0,2019-2020
Lower Hutt City,0.0,0.0,0.0,0.0,-1.0,0.666666666666667,0.0,0.13333333333333333,-0.13333333333333333,0.0,0.0,0.0,0.0,0.0,0.0,0.0,0.0,0.0,2020-2021
Lower Hutt City,0.0,0.0,0.0,0.0,-36.53333333333333,34.0,0.0,-2.0,1.8666666666666667,0.0,0.0,0.0,0.0,0.0,0.0,0.0,0.0,0.0,2021-2022
Lower Hutt City,0.0,0.0,0.0,0.0,-22.0,-1.4666666666666666,0.0,0.0,0.0,0.0,0.0,0.0,0.0,0.0,0.0,0.0,0.0,0.0,2022-2023
Lower Hutt City,0.0,0.0,0.0,4.18,6.602666666666667,12.0,0.0,0.0,0.0,0.0,0.0,0.0,0.0,0.0,0.0,0.0,0.0,0.0,2023-2024
Mackenzie District,0.0,-15.733333333333333,14.666666666666666,-13.50000000000001,-308.8633333333334,374.44,4.5,-471.1666666666667,297.06666666666666,0.0,2.4,-2.4,11.8,-6.966666666666669,1.0666666666666629,0.0,0.0,0.0,2019-2020
Mackenzie District,0.0,0.26666666666666666,-0.26666666666666666,-5.5,-162.66666666666669,149.33333333333334,-19.7,-19.566666666666666,-134.33333333333334,0.0,-26.4,24.6,-16.9,28.60000000000001,-23.933333333333337,0.0,0.0,0.0,2020-2021
Mackenzie District,0.0,0.26666666666666666,-0.26666666666666666,103.3,-100.36666666666667,45.86666666666667,1.2000000000000002,-31.566666666666663,95.06666666666666,0.0,-0.4666666666666667,0.4,-48.2,105.5,-74.4,0.0,0.0,0.0,2021-2022
Mackenzie District,0.0,-4.0,-22.266666666666666,17.6,-9.5,-37.13333333333333,38.885000000000005,1.5333333333333332,-97.08333333333336,0.0,0.5333333333333333,-3.533333333333333,75.563,30.8746666666666,-89.99999999999997,0.0,0.0,0.0,2022-2023
Mackenzie District,0.0,5.290666666666667,21.04,55.4,-0.671999999999997,-14.669999999999888,-20.127999999999997,223.96899999999997,162.93666666666664,0.0,-2.6666666666666665,0.4666666666666667,-31.743999999999993,-45.48966666666656,58.08533333333328,0.0,0.0,0.0,2023-2024
Manawatu District,4.4,0.8,-0.8,233.6,-819.9833333333335,695.9733333333334,4.4,-1.5999999999999996,1.2000000000000002,0.0,-2.6666666666666665,2.3333333333333335,0.0,0.4666666666666667,-0.4666666666666667,33.6,0.1333333333333333,-0.7333333333333333,2019-2020
Manawatu District,0.4,-1.7333333333333334,1.2,75.3,-381.1666666666667,407.33333333333337,0.4,0.8000000000000003,-1.4000000000000004,14.3,-6.2,4.666666666666666,0.0,0.4666666666666667,-0.4666666666666667,3.6,-3.933333333333333,0.2666666666666667,2020-2021
Manawatu District,0.4,0.2666666666666666,-0.6666666666666666,-28.799999999999997,-221.5,201.06666666666666,2.6,1.6666666666666665,-2.2,0.19999999999999996,-1.633333333333333,-0.8,0.0,0.4666666666666667,-0.4666666666666667,-21.7,-2.9333333333333336,-0.6666666666666666,2021-2022
Manawatu District,-4.0,2.4000000000000004,1.3333333333333335,-554.7,161.73333333333335,-91.8,-6.0,3.4666666666666663,-3.0666666666666664,8.625,0.4666666666666668,-8.416666666666666,0.0,0.4666666666666667,-0.4666666666666667,1.1459999999999995,-0.6333333333333334,-0.5366666666666667,2022-2023
Manawatu District,2.409,-5.621333333333333,3.0299999999999985,173.9,179.76666666666665,30.066666666666663,139.282,125.00533333333333,0.9333333333333336,-4.703,-5.520333333333333,9.293333333333328,0.0,0.4666666666666667,-0.4666666666666667,0.23000000000000087,-2.752666666666667,1.3033333333333337,2023-2024
Marlborough District,1.2000000000000006,5.096666666666667,-24.2,-8515.43,-14679.97,1902.393333333333,3.740000000000001,2.877333333333345,-60.44333333333334,7.260000000000001,56.197,-51.94333333333332,17.6,-228.89999999999998,-514.4,9.3,-7.4,-62.93333333333333,2019-2020
Marlborough District,-19.0,-0.3000000000000007,3.9333333333333336,11529.099999999999,4884.03,5147.1,2.4,-9.766666666666667,54.86666666666667,30.05,-73.22333333333333,102.66,-3.3999999999999986,184.4,370.2,16.9,-11.5,44.0,2020-2021
Marlborough District,12.1,31.0,3.4000000000000004,898.0999999999999,-2097.666666666667,1497.4,0.30000000000000004,-40.266666666666666,9.466666666666667,-31.2,-52.150000000000006,3.833333333333333,-18.6,-29.6,26.0,-38.6,38.9,-1.8,2021-2022
Marlborough District,1.1,8.9,-10.0,2173.5,-142.5666666666666,-1172.1333333333334,31.220000000000002,8.7,28.66666666666668,0.3,0.43333333333333335,-59.8,-57.121,28.082666666666654,-82.77999999999997,-57.4,-42.89066666666667,90.92,2022-2023
Marlborough District,-5.126,-27.921333333333344,31.180000000000007,5304.2,2193.366666666667,564.4666666666667,22.433999999999994,-5.886666666666667,-22.74000000000001,6.163,12.067999999999998,15.966666666666654,-69.89,-196.54033333333334,102.5573333333333,28.781999999999996,14.323333333333338,-44.74933333333333,2023-2024
Masterton District,-0.4000000000000002,2.730000000000001,-1.7133333333333334,5664.529999999999,-757.4700000000013,720.3400000000008,-29.290000000000003,-5.895666666666656,36.57133333333333,-7.719999999999996,-9.988666666666667,20.942,-0.8,-0.16666666666666674,1.8,7.5,-6.566666666666666,-0.58,2019-2020
Masterton District,-3.0,-0.6333333333333331,3.2,732.3000000000008,-1258.5299999999984,248.2600000000001,-2.6,-1.7666666666666657,3.466666666666667,2.8,-4.133333333333333,1.0666666666666669,0.2,0.9333333333333333,-1.1333333333333333,4.3,-3.8333333333333335,2.466666666666667,2020-2021
Masterton District,0.0,-0.46666666666666656,0.33333333333333326,1856.4,-3532.933333333334,1995.6,-1.8,-8.466666666666667,9.066666666666666,-0.5,-3.333333333333333,2.3333333333333335,0.2,0.9333333333333333,-1.1333333333333333,-10.2,10.366666666666665,-1.6666666666666665,2021-2022
Masterton District,0.0,3.666666666666667,1.4666666666666666,2309.2,-337.26666666666677,-1075.6666666666665,0.2,6.733333333333333,-55.93333333333334,-11.602,1.0333333333333332,4.3533333333333335,0.2769999999999998,14.554666666666666,-70.96333333333334,-4.0,5.613333333333337,-1.866666666666667,2022-2023
Masterton District,0.0,-7.933333333333334,9.323333333333336,3660.6,-856.0666666666667,394.8666666666667,22.915,33.02666666666667,12.766666666666655,0.22799999999999954,6.701999999999996,6.306666666666663,-0.5189999999999999,-8.249000000000002,7.065333333333331,-5.537000000000002,2.373333333333332,3.5466666666666655,2023-2024
Matamata-Piako District,0.0,0.0,0.0,213.6,-24.799999999999997,66.86666666666667,0.1,1.0999999999999999,-1.2,0.0,0.7333333333333333,-0.7333333333333333,0.0,0.26666666666666666,-0.26666666666666666,0.0,0.0,0.0,2019-2020
Matamata-Piako District,0.0,0.0,0.0,8.600000000000001,106.93333333333334,13.399999999999999,0.1,7.5,-1.2,0.0,-2.466666666666667,2.2666666666666666,0.0,0.26666666666666666,-0.26666666666666666,0.0,0.0,0.0,2020-2021
Matamata-Piako District,0.0,0.0,0.0,37.5,-39.93333333333333,-1.5333333333333314,0.1,1.5,-1.6,0.0,0.5333333333333333,-0.5333333333333333,0.0,0.26666666666666666,-0.26666666666666666,0.0,0.0,0.0,2021-2022
Matamata-Piako District,0.0,0.0,0.0,5.026999999999994,32.4253333333334,-41.666666666666664,0.8479999999999999,1.5,-2.28,0.0,0.5333333333333333,-0.5333333333333333,0.0,0.26666666666666666,-0.26666666666666666,0.0,0.0,0.0,2022-2023
Matamata-Piako District,0.0,0.0,0.0,172.33,-43.12966666666669,-18.95533333333337,-1.0639999999999998,-2.3653333333333357,3.0799999999999996,0.0,0.5333333333333333,-0.5333333333333333,0.0,0.26666666666666666,-0.26666666666666666,0.0,0.0,0.0,2023-2024
Napier City,0.0,0.0,0.0,0.0,-45.53333333333333,-9.533333333333333,0.0,0.0,0.0,0.0,0.0,0.0,0.0,0.0,0.0,0.0,0.0,0.0,2019-2020
Napier City,0.0,0.0,0.0,0.0,-0.6,0.5333333333333333,0.0,0.0,0.0,0.0,0.0,0.0,0.0,0.0,0.0,0.0,0.0,0.0,2020-2021
Napier City,0.0,0.0,0.0,0.0,-6.0,5.6,0.0,0.0,0.0,1.1,0.0,0.0,0.0,0.0,0.0,0.0,0.0,0.0,2021-2022
Napier City,0.0,0.0,0.0,0.0,0.0,0.0,0.0,0.0,0.0,-1.0,-0.1,0.0,0.0,0.0,0.0,0.0,0.0,-6.0,2022-2023
Napier City,0.0,0.0,0.0,36.883,26.944000000000003,4.210000000000001,0.0,0.0,-2.0,0.0,0.0,-2.0,0.0,0.0,0.0,2.387,3.829333333333333,0.23,2023-2024
Nelson City,0.1,-3.233333333333333,3.8666666666666667,34.099999999999994,-54.0,52.53333333333336,0.0,0.06666666666666667,-2.066666666666667,0.0,-2.933333333333333,3.7333333333333334,1.9,4.2,-8.933333333333334,0.0,0.0,0.0,2019-2020
Nelson City,0.1,0.7666666666666667,-0.8666666666666667,-86.5,118.63333333333335,-251.60000000000002,0.0,0.06666666666666667,-1.0666666666666667,0.0,-1.0,4.933333333333334,-9.0,-10.766666666666667,23.0,0.0,0.0,0.0,2020-2021
Nelson City,0.1,0.7666666666666667,-0.8666666666666667,382.2,351.96666666666664,-221.73333333333335,82.5,0.06666666666666667,-3.066666666666667,0.0,0.0,-6.0,0.0,-2.2,-5.133333333333333,0.0,0.0,0.0,2021-2022
Nelson City,-1.0,11.924000000000001,-10.326666666666668,61.30000000000001,-56.46666666666664,-481.46666666666664,-23.904999999999998,-7.433333333333334,22.48333333333333,0.0,0.0,0.0,0.0,-19.589333333333332,-30.80999999999999,0.0,0.0,-17.0,2022-2023
Nelson City,0.0,-14.094666666666669,13.116000000000003,580.8680000000002,-477.53733333333315,-233.95333333333338,15.083999999999994,-5.6450000000000005,-9.556666666666661,0.0,0.0,3.0,2.0020000000000002,30.371333333333332,-33.380666666666684,1.0010000000000001,3.1786666666666665,14.12,2023-2024
New Plymouth District,0.0,0.0,0.0,10.200000000000006,-134.09333333333336,303.38666666666666,6.4999999999999964,25.580000000000023,-33.093333333333334,0.1,-5.5,4.933333333333334,0.0,0.0,0.0,0.0,0.4000000000000007,-0.6133333333333333,2019-2020
New Plymouth District,0.0,0.0,-1.0,-37.3,-201.06666666666666,182.73333333333335,-32.1,66.76666666666667,-36.0,0.1,-0.6333333333333335,0.3999999999999999,0.0,0.0,0.0,0.0,0.6,-1.6,2020-2021
New Plymouth District,0.0,0.0,0.0,-8.3,-92.89999999999999,118.26666666666667,-24.9,60.233333333333334,-38.46666666666667,0.1,-1.8333333333333335,1.5333333333333334,0.0,0.0,0.0,0.0,0.6,-0.6,2021-2022
New Plymouth District,0.0,0.0,-3.0,1.8000000000000007,66.7,-76.8,259.939,-255.62000000000003,0.6766666666666694,0.9470000000000001,1.1666666666666665,-2.036666666666666,0.0,0.0,0.0,0.0,-9.0,-0.6,2022-2023
New Plymouth District,0.0,0.0,6.0,227.40099999999995,-93.94133333333328,-19.239999999999924,-222.69,485.1843333333333,-61.59,1.013,-0.19033333333333258,2.1833333333333327,0.0,0.0,0.0,0.0,0.0,9.01,2023-2024
Opotiki District,0.2,-0.2,0.0,1231.7,-406.30000000000007,-566.5333333333333,76.4,-0.23333333333333334,-0.26666666666666666,50.7,-0.5,0.2666666666666666,0.0,0.0,0.0,0.0,0.0,-1.0,2019-2020
Opotiki District,0.2,-0.2,0.0,224.0,-325.9666666666667,-2510.4,-68.5,-9.266666666666667,1.7333333333333334,-47.0,-5.233333333333333,-0.6000000000000001,0.0,0.0,0.0,0.0,0.0,0.0,2020-2021
Opotiki District,0.2,-0.2,0.0,-376.70000000000005,485.8,-43.73333333333332,1.6,3.9,-0.13333333333333333,0.0,-0.6666666666666667,0.5333333333333334,0.0,0.0,0.0,0.0,0.0,0.0,2021-2022
Opotiki District,-2.0,-0.2,0.0,4.399999999999977,282.83333333333337,-362.8,-1.556,1.8906666666666665,-0.4,0.0,-1.8666666666666667,-1.3333333333333333,0.0,0.0,0.0,0.0,0.0,-4.0,2022-2023
Opotiki District,0.0,1.4613333333333334,1.63,-402.3,1020.2666666666667,-15.133333333333326,2.1199999999999997,-1.5373333333333328,-0.5306666666666666,0.0,4.333333333333333,-1.1333333333333333,0.0,0.0,0.0,3.564,0.0,0.77,2023-2024
Otorohanga District,0.0,0.0,0.0,51.3,-629.8000000000001,564.6,0.0,-8.2,7.6,0.0,-2.666666666666667,1.4,0.0,-2.8,2.2,0.0,0.0,0.0,2019-2020
Otorohanga District,0.0,0.0,0.0,40.2,-61.03333333333333,-47.400000000000006,0.0,0.8,-7.8,2.2,1.3333333333333333,-1.3333333333333333,0.0,4.066666666666666,-37.2,0.0,0.0,0.0,2020-2021
Otorohanga District,0.0,0.0,0.0,422.8,-86.86666666666665,0.7333333333333201,0.0,-1.3333333333333335,1.2,0.2,-1.0000000000000002,0.6666666666666667,0.0,2.8666666666666663,-3.0666666666666664,0.0,0.0,0.0,2021-2022
Otorohanga District,0.0,0.0,-4.0,677.3,104.60000000000001,-93.33333333333334,50.6,0.6666666666666666,-0.6666666666666666,-2.0,1.0,-1.2,0.0,5.866666666666666,-5.866666666666666,0.0,0.0,-4.0,2022-2023
Otorohanga District,0.0,2.912,3.27,707.5,958.9000000000001,179.6,202.76500000000001,339.37333333333333,0.33333333333333337,22.572,13.445333333333334,-0.19999999999999996,0.0,-0.5333333333333332,0.13333333333333375,0.0,0.0,4.0,2023-2024
Palmerston North City,3.7,-2.6,0.0,-26.899999999999906,-25.059999999999945,61.64666666666667,1.3000000000000003,-1.41,0.0,0.0,-11.066666666666666,12.266666666666666,2.3,-2.3,0.0,1.4000000000000004,4.949333333333334,1.46,2019-2020
Palmerston North City,2.7,-2.7,0.0,389.7,72.16666666666666,-36.0,1.4,-1.4,0.0,0.0,24.4,-22.933333333333334,2.3,-2.3,0.0,1.0,-1.5693333333333332,0.5006666666666668,2020-2021
Palmerston North City,-5.0,4.766666666666667,0.0,-478.0,11.966666666666669,55.13333333333333,-3.0,2.8666666666666667,0.0,0.0,2.4,-2.4,1.2000000000000002,-1.2333333333333332,0.0,1.0,-0.6893333333333334,-0.3106666666666667,2021-2022
Palmerston North City,-20.0,-9.0,-0.4666666666666667,706.6,35.66666666666667,-64.66666666666667,-10.0,-5.0,-0.26666666666666666,0.0,-25.333333333333332,23.6,-22.0,-3.2,-0.06666666666666667,0.3510000000000002,-1.0626666666666662,0.6493333333333333,2022-2023
Palmerston North City,4.367,22.026666666666664,2.38,-53.87400000000004,-36.599999999999994,58.67333333333325,7.931,7.242666666666667,0.0,0.0,10.522666666666666,-9.916666666666666,2.585,22.026666666666664,0.0,2.2060000000000004,-2.2323333333333335,0.032666666666666455,2023-2024
Porirua City,0.0,0.0,1.0,51.1,-89.6,98.33333333333333,0.0,0.4,-0.4,0.0,0.0,0.0,0.0,0.0,0.0,0.0,0.0,0.0,2019-2020
Porirua City,0.0,0.0,0.0,-46.7,38.96666666666667,5.0,0.0,-6.0,5.6,0.0,0.0,0.0,0.0,0.0,0.0,0.0,0.0,0.0,2020-2021
Porirua City,0.0,0.0,0.0,1.3,10.633333333333333,-12.066666666666666,0.0,0.0,0.0,0.0,0.0,0.0,0.0,0.0,0.0,0.0,0.0,0.0,2021-2022
Porirua City,0.0,0.0,-1.0,35.939,-18.598666666666666,-16.14333333333337,0.0,0.0,0.0,0.0,0.0,0.0,0.0,0.0,0.0,0.0,0.0,0.0,2022-2023
Porirua City,0.16499999999999998,0.8106666666666666,0.09,-13.008000000000001,-82.17433333333332,-266.0113333333333,0.0,0.0,0.0,0.0,0.0,0.0,0.0,0.0,0.0,0.0,0.0,0.0,2023-2024
Queenstown-Lakes District,0.0,0.0,0.0,0.0,-29.0,26.933333333333334,0.0,-12.4,11.533333333333333,0.0,0.0,0.0,0.0,-52.648,48.77000000000002,0.0,0.0,0.0,2019-2020
Queenstown-Lakes District,0.0,0.0,0.0,0.0,-0.1333333333333333,0.0,0.0,0.6,-0.6,0.0,0.0,0.0,0.0,-14.563333333333333,-15.692000000000016,0.0,0.0,0.0,2020-2021
Queenstown-Lakes District,0.0,0.0,0.0,0.0,-2.4,2.1333333333333333,0.0,0.6,-0.6,0.0,0.0,0.0,0.0,-5.333333333333334,4.733333333333333,0.0,0.0,0.0,2021-2022
Queenstown-Lakes District,0.0,0.0,0.0,0.0,-9.066666666666666,-21.6,0.0,-0.33866666666666745,0.2800000000000026,0.0,0.0,0.0,0.0,3.6666666666666665,-107.66666666666667,0.0,0.0,0.0,2022-2023
Queenstown-Lakes District,0.0,0.0,0.0,0.0,20.133333333333333,35.06666666666667,0.0,0.5946666666666673,-2.5913333333333375,0.0,0.0,0.0,0.0,27.133333333333333,156.33333333333334,0.0,0.0,0.0,2023-2024
Rangitikei District,0.8,2.35,-7.6,918.2,-1505.5166666666673,514.9533333333334,52.3,-7.5,-32.03333333333333,-13.5,-9.133333333333333,6.9,15.0,-9.866666666666667,-5.256666666666669,6.6,-0.16666666666666674,0.26666666666666594,2019-2020
Rangitikei District,0.3,1.2333333333333332,-3.6,209.8,-512.1,697.4666666666667,23.4,3.3000000000000043,-29.4,1.5,-3.033333333333333,1.1333333333333337,15.0,-56.93333333333334,38.86666666666667,1.6,-1.7333333333333334,0.06666666666666665,2020-2021
Rangitikei District,-1.9,-7.366666666666667,11.466666666666667,144.0,-1193.4666666666667,850.4,-194.2,224.13333333333333,-19.6,1.5,-11.966666666666667,3.533333333333333,-150.0,146.93333333333334,-2.0666666666666664,0.5,-0.7333333333333334,0.1333333333333333,2021-2022
Rangitikei District,20.163999999999998,19.849333333333334,-45.063333333333325,164.7,-508.8666666666667,389.66666666666663,117.45500000000001,-97.73866666666655,-21.443333333333328,22.366999999999997,2.033333333333333,-26.513333333333335,0.0,-146.06666666666666,-13.933333333333334,-15.0,-14.5,-13.866666666666667,2022-2023
Rangitikei District,-19.24,14.074000000000003,11.050666666666666,-79.87300000000008,-3089.7,2101.296666666667,-51.910000000000004,115.64233333333311,-61.28133333333334,-19.372999999999998,-1.9970000000000003,23.176666666666662,16.874,127.304,15.066666666666666,13.068000000000001,9.066666666666666,21.62,2023-2024
Rotorua District,11.1,6.266666666666666,-11.666666666666666,2853.7,-116.20000000000164,-1232.4266666666672,13.8,-25.833333333333336,0.4666666666666668,1.9,-0.06666666666666643,-4.199999999999999,0.0,-5.866666666666667,-22.6,7.0,54.3,-3.6666666666666665,2019-2020
Rotorua District,4.1,-2.966666666666667,-1.666666666666666,2399.3,-941.5666666666664,-1186.1,14.1,-5.600000000000001,-14.666666666666666,17.4,-10.166666666666664,5.266666666666666,0.0,-92.53333333333333,21.866666666666667,6.9,-21.866666666666667,-6.4,2020-2021
Rotorua District,5.2,9.3,-9.133333333333333,212.5999999999999,-192.29999999999995,-734.1333333333334,-64.8,6.433333333333334,4.800000000000001,-5.3,-73.4,55.266666666666666,2.2,-35.06666666666667,18.53333333333333,26.6,-72.10000000000001,26.866666666666667,2021-2022
Rotorua District,14.1,-11.898666666666667,6.630000000000001,1579.4,1171.5333333333335,-1739.0,35.0,36.06666666666667,-63.53333333333333,20.29,15.379999999999988,-27.860000000000014,40.449000000000005,32.73333333333333,-98.53333333333325,14.132000000000005,-12.0,-8.919999999999998,2022-2023
Rotorua District,5.1,8.724666666666673,-14.481333333333339,1988.3,95.13333333333321,-738.1333333333334,7.0,93.79466666666667,-9.376666666666681,111.44299999999998,-28.01466666666665,1.9100000000000215,-8.879000000000001,-57.32566666666666,28.656666666666588,23.069000000000006,-19.012,7.530000000000003,2023-2024
Ruapehu District,2.6,0.4,-1.8,2591.7,-1839.9999999999998,-804.8666666666666,227.89999999999995,-94.43666666666668,14.2,0.1,0.30000000000000004,-0.4,46.9,-27.200000000000003,-19.066666666666666,9.6,1.5,-2.3333333333333335,2019-2020
Ruapehu District,0.6,1.2666666666666666,-13.8,1593.7,-1308.8333333333333,-111.20000000000005,89.6,-93.66666666666666,-1.3333333333333321,3.4,0.30000000000000004,-6.4,49.9,-57.900000000000006,7.0,2.6,0.8666666666666667,-2.4,2020-2021
Ruapehu District,2.8,0.2666666666666667,-1.8666666666666667,1209.0,-4074.033333333333,4164.133333333333,179.8,-119.6,27.066666666666666,0.4,-2.1333333333333333,1.6,-76.6,53.16666666666667,-21.0,-5.1,0.9333333333333331,-3.466666666666667,2021-2022
Ruapehu District,15.056000000000001,56.696000000000005,2.093333333333334,2348.3,1072.4,-233.66666666666674,128.6,-6.551999999999982,-86.41,5.416,-0.13333333333333336,-4.826666666666667,-350.725,91.54666666666671,230.24333333333334,12.933000000000002,-6.790666666666668,2.3866666666666667,2022-2023
Ruapehu District,10.818999999999999,-5.679333333333336,2.153999999999998,3160.1,-7350.566666666666,-414.4000000000001,268.9,-125.48400000000001,19.142,15.079,-2.7226666666666666,2.8133333333333335,5.235999999999998,-104.2910000000001,90.82333333333332,-2.3880000000000026,5.2890000000000015,-6.989333333333333,2023-2024
Selwyn District,0.0,6.8,-1.4666666666666666,776.9,68.57999999999998,107.66666666666666,40.8,-52.81666666666668,47.51333333333333,83.963,-1.5333333333333334,60.00333333333334,5.099999999999997,-150.78666666666666,177.32799999999992,0.0,0.13333333333333333,-0.13333333333333333,2019-2020
Selwyn District,0.0,-27.0,3.2,243.8,-493.1,73.4,64.2,-48.199999999999996,40.06666666666666,-40.03,-12.566333333333333,47.86333333333333,4.8,-60.499999999999986,49.38666666666671,1.1,0.13333333333333333,-0.13333333333333333,2020-2021
Selwyn District,0.0,14.933333333333334,8.0,311.6,-709.0,476.0,59.7,-38.800000000000004,26.4,24.563,-9.700000000000001,-13.40666666666667,-8.4,-115.20000000000002,102.0,-1.0,0.033333333333333326,-0.13333333333333333,2021-2022
Selwyn District,0.0,5.2,-5.933333333333334,273.93799999999993,-37.0,-82.37999999999994,-65.908,66.79866666666666,-4.4,69.891,-4.633,-59.37,213.37,12.0,-227.31000000000003,0.0,-2.0,-7.133333333333334,2022-2023
Selwyn District,0.0,3.4400000000000013,-2.3,215.0409999999997,-274.89133333333336,46.869999999999806,112.02599999999998,-88.052,35.93133333333331,-10.272999999999998,28.923666666666666,-0.13000000000000111,-41.21800000000001,-50.803333333333335,42.49000000000003,2.409,2.5813333333333333,4.38,2023-2024
South Taranaki District,0.0,0.3333333333333333,-0.3333333333333333,349.5,-597.9266666666665,545.5533333333332,0.0,-13.370000000000005,12.212,0.0,101.86333333333337,-96.57466666666666,0.0,0.0,0.0,42.1,1.8333333333333333,0.0,2019-2020
South Taranaki District,0.0,0.3333333333333333,-0.3333333333333333,27.400000000000006,-563.0333333333333,481.46666666666664,0.0,0.7999999999999998,-1.0,0.0,22.533333333333335,-22.533333333333335,0.0,0.0,0.0,4.1,-3.9666666666666663,-0.13333333333333333,2020-2021
South Taranaki District,0.0,0.3333333333333333,-0.3333333333333333,41.599999999999994,-263.5333333333333,72.93333333333334,0.0,61.4,42.2,0.0,19.333333333333332,-19.533333333333335,0.0,0.0,0.0,-16.8,16.3,-0.13333333333333333,2021-2022
South Taranaki District,0.0,-5.0,-0.3333333333333333,102.8,-485.4666666666667,475.1333333333333,0.0,238.86666666666667,-52.4,0.0,-311.53333333333336,-18.333333333333332,0.0,0.0,0.0,-22.0,-23.2,-2.4,2022-2023
South Taranaki District,0.0,5.333333333333333,0.0,723.85,-840.0666666666666,-352.64333333333354,0.0,-189.06666666666666,3.883333333333333,0.0,3.6,-2.466666666666667,0.0,0.0,0.0,17.501,26.464,3.28,2023-2024
South Waikato District,0.7,-0.49999999999999994,-0.2,2473.1,-1076.1,-2758.9,13.189999999999998,34.94666666666667,21.14,-0.7,-8.3,6.066666666666666,2.4,26.333333333333336,-29.8,168.8099999999999,-290.96666666666664,-42.36666666666667,2019-2020
South Waikato District,0.7,-1.5666666666666667,0.8,3968.8,-39.63333333333321,-2878.6,-37.4,-40.24,71.46333333333334,-2.0,6.1000000000000005,-2.2,2.4,25.200000000000003,-27.733333333333334,-157.39999999999992,-214.8433333333333,-78.63333333333333,2020-2021
South Waikato District,0.7,-0.5666666666666667,-0.13333333333333333,1623.0,-1348.1333333333337,256.5333333333333,137.736,-0.5,-107.76,-3.4,-0.8666666666666663,7.6,2.4,21.866666666666667,-24.6,661.4,218.16666666666669,-36.86666666666667,2021-2022
South Waikato District,-1.951,11.604000000000001,-9.133333333333333,-5835.9,-33691.0,-8231.666666666666,16.143999999999995,-12.975999999999999,-11.879999999999995,34.282,3.5333333333333337,-5.753333333333331,-24.0,-433.93333333333334,-40.266666666666666,-2444.0,-1157.4,-65.86666666666667,2022-2023
South Waikato District,-2.3899999999999997,6.365666666666666,-0.8639999999999989,9997.309000000003,29224.260000000002,9853.17,-23.33299999999998,20.922666666666665,22.209999999999994,30.480000000000004,-12.56333333333333,8.716666666666661,52.437,340.71200000000005,99.87333333333333,1312.795,2107.136,424.11,2023-2024
South Wairarapa District,0.0,0.4,-0.4,152.0,-287.8333333333333,86.33333333333331,0.0,1.2,-1.2,0.0,-3.6,3.3333333333333335,0.0,0.0,0.0,0.0,0.0,0.0,2019-2020
South Wairarapa District,0.0,0.4,-0.4,822.3,-206.0,202.93333333333334,0.0,1.2,-1.2,6.6,4.666666666666667,1.6,5.5,0.0,0.0,0.0,0.0,-1.0,2020-2021
South Wairarapa District,0.0,0.4,-2.4,342.08400000000006,-354.83333333333326,369.55999999999995,0.0,1.2,-1.2,-0.5,-8.466666666666667,-6.666666666666667,-5.0,-0.5,0.0,0.0,0.0,0.0,2021-2022
South Wairarapa District,0.0,0.6879999999999995,1.3199999999999998,142.55999999999995,349.356,-215.0266666666666,0.0,1.2,-1.2,-5.0,-0.3666666666666667,11.866666666666667,0.0,0.0,0.0,0.0,0.0,-130.0,2022-2023
South Wairarapa District,0.14300000000000002,-0.019333333333332592,-3.138,973.8,-531.5333333333333,-579.0,0.0,-3.0666666666666664,2.8,4.2459999999999996,-0.7733333333333334,-41.13333333333333,0.0,0.0,0.0,19.008000000000003,28.736,78.78,2023-2024
Southland District,-2.9000000000000004,13.466666666666667,-18.933333333333334,1195.4799999999984,-2564.1200000000013,1548.3533333333335,146.7,-59.966666666666654,23.220000000000013,19.2,4.966666666666667,-22.666666666666664,74.5,677.0333333333334,-841.5333333333333,73.80000000000001,85.23333333333335,-214.8,2019-2020
Southland District,-5.1,39.83333333333333,-15.666666666666666,1746.4000000000008,-174.54666666666662,825.4000000000001,192.4,-40.36666666666667,-30.933333333333334,116.6,3.0666666666666673,-4.466666666666667,-97.30000000000001,-459.36666666666656,608.0666666666666,1342.9,-634.5999999999999,-604.1333333333333,2020-2021
Southland District,-37.1,30.5,-23.933333333333334,1207.0,598.6666666666665,-201.33333333333326,444.8,-53.599999999999994,6.666666666666666,7.1,-67.26666666666667,52.733333333333334,-116.30000000000001,-2161.4333333333334,1344.8666666666666,534.7,-491.76666666666665,-277.2,2021-2022
Southland District,-0.3999999999999999,22.1,-9.4,1665.0,11.200000000000045,-1331.8666666666666,352.6,-83.13333333333333,-158.8,35.2,-6.699999999999999,-3.333333333333333,206.5,688.5666666666666,-1136.2666666666667,-1752.8,-3635.433333333333,-347.1333333333333,2022-2023
Southland District,16.592,-22.002666666666666,21.460000000000008,3547.0,-454.26666666666665,-239.20000000000005,8.04300000000012,-53.18933333333334,197.69333333333336,-38.98499999999999,-22.397333333333336,83.76999999999998,-90.88100000000003,-3127.5773333333336,3016.203333333333,2016.7260000000003,3382.5119999999997,305.10333333333347,2023-2024
Stratford District,3.7,-7.733333333333333,4.733333333333333,345.4,-884.3666666666667,593.8,48.0,-54.0,6.533333333333333,4.779999999999999,-17.380000000000003,13.666666666666666,0.0,0.13333333333333333,35.86666666666667,0.0,0.0,-7.0,2019-2020
Stratford District,4.7,-4.633333333333334,-2.066666666666667,283.2,-1021.9333333333334,762.6666666666666,44.7,-44.86666666666667,0.0,5.000000000000003,-6.579999999999999,1.6,0.0,0.13333333333333333,-7.133333333333334,0.0,0.0,0.0,2020-2021
Stratford District,4.7,-4.633333333333334,-0.06666666666666667,130.6,-254.33333333333331,16.53333333333333,44.4,-43.36666666666667,-1.1333333333333333,3.7,-3.5999999999999996,-1.2,0.0,0.13333333333333333,-0.13333333333333333,0.0,0.0,0.0,2021-2022
Stratford District,-23.251,3.782666666666667,14.443333333333324,181.5,-31.39999999999999,-53.86666666666666,-474.0,-52.46666666666667,-51.333333333333336,-29.235000000000003,17.118666666666666,9.319999999999997,0.0,0.13333333333333333,-449.1333333333333,0.0,0.0,-25.0,2022-2023
Stratford District,-15.726999999999999,27.90566666666666,-11.962666666666657,230.67399999999992,-76.43333333333334,43.47000000000007,99.869,349.4773333333333,69.51666666666667,51.104,-14.379666666666663,29.821333333333335,0.0,76.74133333333333,123.04666666666667,10.065000000000001,0.0,14.850000000000001,2023-2024
Tararua District,0.0,0.0,0.0,677.9999999999993,-466.0033333333331,337.4399999999998,-7.65,-1.7650000000000001,7.460000000000025,99.83,-21.653666666666666,-72.18666666666667,0.0,1.5333333333333334,-1.5333333333333334,0.0,0.0,0.0,2019-2020
Tararua District,0.0,0.0,0.0,740.1,-1134.9666666666667,855.7333333333333,0.0,-0.1333333333333333,0.0,29.8,-28.9,0.06666666666666665,0.0,1.5333333333333334,-1.5333333333333334,0.0,0.0,0.0,2020-2021
Tararua District,0.0,0.0,0.0,272.5,-1101.3,953.2666666666667,0.0,1.8666666666666667,-1.8666666666666667,-288.0,277.0,0.19999999999999996,2.2,1.5333333333333334,-1.5333333333333334,0.0,0.0,0.0,2021-2022
Tararua District,0.0,0.0,0.0,645.3,624.5,-125.80000000000001,68.541,1.8666666666666667,-56.17666666666667,0.0,-285.3333333333333,-40.8,-2.0,8.650666666666666,-7.3933333333333335,0.0,0.0,0.0,2022-2023
Tararua District,0.0,0.0,0.0,1989.5,-1638.9,397.0,-42.510000000000005,-5.431,53.443333333333335,99.022,25.00533333333333,34.42333333333333,0.0,-4.100000000000001,1.7193333333333334,0.0,0.0,0.0,2023-2024
Tasman District,1.5,-28.433333333333334,-1.2000000000000002,-11496.55,-20590.44333333333,-1716.753333333333,-23.830000000000002,-25.96966666666667,-310.7033333333334,-3.87,-30.517,-69.42999999999998,-15.4,-1307.9333333333334,-2430.0,0.0,-4.866666666666666,-236.46666666666667,2019-2020
Tasman District,-4.0,-12.433333333333334,24.933333333333334,14267.2,19202.816666666666,2264.7333333333336,26.1,-32.06666666666667,362.8666666666667,0.3,1.6333333333333337,129.8,-13.9,633.1999999999999,2460.5333333333333,0.0,0.13333333333333333,230.86666666666667,2020-2021
Tasman District,-0.09999999999999998,-0.1333333333333333,-4.066666666666666,1871.1,-575.7666666666664,-1581.8666666666668,25.8,-22.033333333333335,-66.13333333333333,3.6,-26.366666666666667,-17.933333333333334,1.1,-292.1666666666667,-169.8,0.0,-0.9333333333333333,-23.133333333333333,2021-2022
Tasman District,-9.0,2.966666666666667,-2.8666666666666667,2422.8,643.4333333333334,-2789.9333333333334,24.2,1.9333333333333318,-158.06666666666666,-1.6,2.2666666666666666,-80.93333333333334,124.839,11.43333333333333,-614.4233333333332,0.0,-1.0,-201.06666666666666,2022-2023
Tasman District,2.3209999999999997,-9.551999999999998,38.59333333333334,2340.4,1918.6666666666665,-725.5333333333333,99.34400000000002,-18.445333333333355,13.696666666666674,2.2479999999999998,-9.386666666666663,37.50333333333334,-117.39599999999999,-106.02099999999999,-282.1933333333336,40.403,25.034666666666666,109.78999999999999,2023-2024
Taupo District,-58.4,69.46666666666667,-13.733333333333334,4019.0,-373.59999999999945,-6481.2,13.8,-7.533333333333333,34.666666666666664,189.2,-20.299999999999997,10.066666666666666,-164.1,154.3,-397.4666666666667,-316.3,180.23333333333332,19.4,2020-2021
Taupo District,4.7,-1.8666666666666671,8.733333333333334,5709.3,-36.733333333333576,-3920.6000000000004,87.3,1.333333333333333,-18.46666666666667,15.2,-39.0,17.4,7.300000000000001,91.43333333333334,-307.0,-260.8,-10.166666666666657,127.46666666666667,2021-2022
Taupo District,56.742,-85.04666666666665,28.486666666666665,12552.7,3968.833333333333,-5350.266666666666,-32.7,-2.366666666666667,105.86666666666666,14.2,4.333333333333334,-18.2,135.4,55.79866666666639,-247.86333333333354,274.14900000000017,211.3066666666666,-348.72333333333336,2022-2023
Taupo District,-20.649999999999995,76.03466666666668,-52.86333333333333,-1151.8000000000002,-3297.0333333333338,-2391.133333333333,5.144999999999989,24.766666666666666,-12.893333333333313,-30.8,-49.94133333333333,90.53666666666666,-125.2,102.80333333333357,-266.02866666666625,-128.53700000000012,176.85966666666667,-62.76666666666668,2023-2024
Tauranga District,0.0,0.0,0.0,0.0,-5.6,4.933333333333334,0.0,0.0,0.0,0.0,0.7333333333333333,-0.7333333333333333,0.0,0.0,0.0,0.0,0.0,0.0,2019-2020
Tauranga District,0.0,0.0,0.0,0.0,-25.46666666666667,23.6,0.0,0.0,0.0,0.0,-0.33333333333333337,0.2666666666666667,0.0,0.0,0.0,0.0,0.0,0.0,2020-2021
Tauranga District,0.0,0.0,0.0,0.0,0.3999999999999999,-4.533333333333333,0.0,0.0,0.0,0.0,-0.4,0.33333333333333337,0.0,0.0,0.0,0.0,0.0,0.0,2021-2022
Tauranga District,0.0,0.0,0.0,0.0,2.4,-2.4,0.0,0.0,0.0,0.0,0.6,-0.6,0.0,0.0,0.0,0.0,0.0,0.0,2022-2023
Tauranga District,0.0,0.0,0.0,0.0,-15.733333333333334,14.6,0.0,0.0,0.0,0.539,-6.322666666666667,5.4,0.0,0.0,0.0,0.0,0.0,0.0,2023-2024
Thames-Coromandel District,0.0,0.13333333333333333,-0.13333333333333333,103.20000000000005,46.5,-188.4666666666667,2.2,-12.133333333333333,-3.7333333333333334,0.0,-9.066666666666666,8.4,0.0,-10.0,9.333333333333334,0.0,0.0,2.0,2019-2020
Thames-Coromandel District,0.0,0.13333333333333333,-0.13333333333333333,19.0,236.26666666666665,-309.20000000000005,0.2,-0.3999999999999999,-2.8666666666666667,0.0,-8.666666666666666,8.066666666666666,0.0,0.0,0.0,0.0,0.0,0.0,2020-2021
Thames-Coromandel District,0.0,-0.9333333333333333,-0.13333333333333333,65.10000000000002,529.1333333333333,-679.4666666666667,2.4,-1.5333333333333337,-12.8,0.0,-0.7333333333333334,-2.3333333333333335,0.0,0.0,-10.0,0.0,0.0,-33.0,2021-2022
Thames-Coromandel District,0.0,1.9973333333333334,-2.876666666666667,187.5,918.9666666666667,-837.1333333333333,23.093000000000004,0.2666666666666666,-23.296666666666667,0.0,0.26666666666666666,-1.2666666666666666,0.0,0.0,0.0,0.0,0.0,-54.0,2022-2023
Thames-Coromandel District,0.8029999999999999,-0.484666666666667,0.7126666666666668,43.5,382.21999999999923,-198.62666666666712,-15.346000000000005,16.337,0.5233333333333346,0.0,0.26666666666666666,0.7333333333333334,0.0,0.0,0.0,0.0,28.512,10.27,2023-2024
Timaru District,0.0,-4.466666666666667,2.0666666666666664,347.9,-704.9333333333333,317.93333333333334,-5.0,-29.26666666666667,23.400000000000027,0.0,-5.666666666666666,4.133333333333333,-82.4,466.70000000000005,-458.93333333333334,0.0,0.26666666666666666,-0.26666666666666666,2019-2020
Timaru District,0.0,0.46666666666666656,-0.5333333333333334,291.8,-385.6333333333333,31.133333333333326,-10.0,-19.133333333333333,-16.433333333333355,0.0,-0.8666666666666667,0.6666666666666665,-2.1000000000000014,83.46666666666667,-447.4,0.0,-0.8,0.7333333333333334,2020-2021
Timaru District,0.0,-12.4,-6.466666666666667,807.1,-638.2666666666667,331.73333333333335,0.0,-182.73333333333332,112.13333333333333,0.0,-3.2,1.8666666666666667,30.5,205.76666666666665,87.93333333333334,0.0,0.2,-0.2,2021-2022
Timaru District,0.0,2.5413333333333337,10.58,-111.69999999999999,-165.43333333333334,116.46666666666667,0.0,61.135999999999996,-29.706666666666663,0.0,1.8,-3.8,38.559,360.43333333333334,-374.3566666666667,0.0,-3.0,-10.2,2022-2023
Timaru District,0.187,7.035999999999998,-6.811333333333334,-79.72599999999983,-138.3,-198.9966666666666,0.0,-40.213333333333324,-11.90599999999998,0.0,9.149333333333335,-6.69,-48.19199999999999,173.06433333333334,-179.4233333333333,3.0140000000000002,0.45866666666666667,9.82,2023-2024
Upper Hutt City,0.0,0.06666666666666667,-0.06666666666666667,25.400000000000006,-314.8666666666665,259.85333333333335,0.0,-2.7333333333333334,2.533333333333333,0.0,-0.9333333333333333,0.8666666666666667,0.0,-0.33333333333333337,0.2666666666666667,0.0,0.0,0.0,2019-2020
Upper Hutt City,0.0,0.06666666666666667,-0.06666666666666667,-66.5,234.66666666666666,73.06666666666666,0.0,0.26666666666666666,-0.26666666666666666,0.0,-1.0,0.9333333333333333,0.0,0.6666666666666666,-0.6666666666666666,0.0,0.0,0.0,2020-2021
Upper Hutt City,0.0,0.06666666666666667,-0.06666666666666667,-4.400000000000006,-7.099999999999994,8.933333333333337,0.0,0.26666666666666666,-0.26666666666666666,0.0,0.0,0.0,0.0,0.6666666666666666,-0.6666666666666666,0.0,0.0,0.0,2021-2022
Upper Hutt City,0.0,-1.0,-53.06666666666667,257.34300000000013,-106.40533333333343,-145.4,0.0,0.26666666666666666,-0.26666666666666666,0.0,0.0,-1.0,0.0,0.6666666666666666,-0.6666666666666666,0.0,0.0,-15.0,2022-2023
Upper Hutt City,0.0,1.9626666666666668,2.16,-633.907,-1449.7096666666666,-393.6046666666666,0.0,-1.8666666666666667,-21.266666666666666,0.0,0.0,0.0,0.0,-5.733333333333333,-4.666666666666667,0.0,0.0,0.0,2023-2024
Waikato District,0.7,-0.6333333333333333,-0.06666666666666667,511.6,-1408.12,863.6533333333333,-0.5,9.733333333333333,-18.133333333333333,0.0,-9.666666666666668,2.7333333333333334,0.0,0.0,0.0,0.0,0.06666666666666667,-0.06666666666666667,2019-2020
Waikato District,0.7,-0.6333333333333333,-0.06666666666666667,232.89999999999998,356.3999999999993,201.31999999999994,0.5,3.6333333333333337,-4.333333333333333,0.0,-10.6,9.666666666666668,0.0,0.0,0.0,0.0,-1.0,0.9333333333333333,2020-2021
Waikato District,-1.5,-0.6333333333333333,-0.06666666666666667,235.8,-565.0333333333334,330.79999999999995,0.5,4.5,-5.133333333333334,0.0,2.3333333333333335,-1.4,0.0,0.0,0.0,0.0,0.0,1.0,2021-2022
Waikato District,-0.36900000000000005,1.476,-1.0666666666666667,871.8,20.73333333333335,-223.86666666666667,29.793000000000003,-6.203999999999996,-28.71,0.0,-16.816000000000003,15.556666666666667,0.0,0.0,0.0,0.0,0.0,-2.0,2022-2023
Waikato District,6.283999999999999,12.116999999999999,23.894,3404.6710000000007,-2112.538666666667,101.98666666666713,114.604,20.77099999999999,82.854,17.16,2.767333333333332,-16.323999999999998,0.0,0.0,0.0,1.936,0.0,0.2400000000000002,2023-2024
Waimakariri District,0.0,0.5333333333333333,-12.533333333333333,129.12,-647.8866666666671,432.2599999999999,51.9,-33.800000000000004,27.066666666666666,0.0,-20.8,19.333333333333332,-16.3,-9.733333333333334,1.333333333333333,0.6,-0.6,0.0,2019-2020
Waimakariri District,0.0,0.5333333333333333,-0.5333333333333333,137.59999999999997,-117.68666666666667,65.16666666666694,10.0,-11.433333333333334,2.2,0.0,-3.0666666666666664,2.8,6.7,-4.633333333333333,-8.266666666666666,0.6,-0.6,0.0,2020-2021
Waimakariri District,0.0,0.5333333333333333,-0.5333333333333333,-110.5,-229.66666666666669,272.06666666666666,12.3,-12.933333333333334,3.533333333333333,0.0,-10.8,10.066666666666666,-16.4,15.433333333333334,-0.06666666666666643,0.6,-0.6,0.0,2021-2022
Waimakariri District,0.0,-8.0,-0.5333333333333333,1.0,138.03333333333333,-188.13333333333333,-53.829,46.65466666666668,4.793333333333347,0.0,0.2,-0.2,-3.925,2.845333333333323,1.3866666666666623,-6.0,-0.6,0.0,2022-2023
Waimakariri District,0.0,12.8,13.0,150.7,-154.86666666666667,180.46666666666667,-2.7749999999999977,-15.235666666666672,13.365333333333314,0.0,-1.9333333333333333,1.8,-22.476,49.43033333333332,-26.395333333333333,2.2,1.6,2.5,2023-2024
Waimate District,0.0,2.533333333333333,-1.4666666666666666,412.8,43.56666666666666,-138.03333333333336,23.1,9.266666666666667,-102.93333333333334,0.0,-5.733333333333333,2.2666666666666666,8.5,208.0,-194.8,0.0,0.0,0.0,2019-2020
Waimate District,0.0,1.5333333333333334,2.666666666666666,349.6,98.16666666666663,15.333333333333428,-39.0,-14.033333333333335,-20.666666666666668,0.0,-3.0,2.7333333333333334,-4.4,-434.0333333333333,438.2,0.0,0.0,0.0,2020-2021
Waimate District,0.0,-0.6000000000000001,-18.533333333333335,-79.1,-1038.1333333333332,731.5333333333333,-6.8,-46.733333333333334,-24.066666666666666,0.0,-8.6,8.0,5.7,-685.1333333333333,636.5333333333333,0.0,0.0,0.0,2021-2022
Waimate District,0.0,-13.533333333333333,1.6,291.07699999999994,86.33199999999971,-256.0666666666666,-4.344,68.94399999999999,-17.476666666666674,0.0,0.4,-1.4,-8.895999999999999,-266.6386666666668,167.76333333333335,0.0,0.0,-2.0,2022-2023
Waimate District,0.0,5.501333333333332,9.813333333333334,294.79100000000005,-1070.4196666666662,923.528,54.387,-100.94,-39.83399999999999,0.0,-3.8666666666666667,4.6,13.001000000000001,-739.0826666666666,843.2886666666667,1.2320000000000002,0.0,0.88,2023-2024
Waipa District,0.0,0.2,-0.2,105.7,-216.66666666666663,174.06666666666666,0.0,0.7999999999999998,-1.0,12.1,4.7333333333333325,-5.2666666666666675,0.0,0.13333333333333333,-0.13333333333333333,0.0,0.0,0.0,2019-2020
Waipa District,0.0,-3.0,2.8,-42.1,21.233333333333334,13.266666666666666,0.0,-10.066666666666666,9.2,1.1,7.366666666666667,-8.733333333333333,0.0,0.13333333333333333,-0.13333333333333333,0.0,0.0,0.0,2020-2021
Waipa District,0.0,0.0,0.0,-43.4,24.03333333333334,52.06666666666666,0.0,-12.0,10.066666666666666,1.1,-7.833333333333334,5.533333333333333,0.0,0.13333333333333333,-0.13333333333333333,0.0,0.0,0.0,2021-2022
Waipa District,0.0,0.0,-3.0,71.3,75.19999999999999,-64.93333333333334,37.554,2.0,3.8599999999999994,-11.0,10.166666666666668,-11.266666666666667,0.0,0.13333333333333333,-0.13333333333333333,0.0,0.0,0.0,2022-2023
Waipa District,0.539,1.9520000000000002,0.68,392.45900000000006,110.72400000000005,-442.45,24.468,7.63133333333333,5.3700000000000045,43.89,-50.48266666666667,41.733333333333334,0.0,-0.9333333333333333,0.8666666666666667,0.0,0.0,0.0,2023-2024
Wairoa District,0.0,11.133333333333333,-11.133333333333333,251.5,-4831.5,3640.133333333333,68.3,6.333333333333334,-3.1999999999999993,100.9,-2.283333333333333,-30.766666666666666,53.5,-3.5333333333333337,-2.6666666666666665,75.4,36.06666666666666,-65.6,2019-2020
Wairoa District,0.0,11.133333333333333,7.866666666666667,5689.0,-3069.7,2103.4,50.6,-38.43333333333333,-7.333333333333334,428.2,-11.133333333333333,-6.266666666666667,10.5,-7.833333333333334,10.333333333333334,27.4,-14.733333333333333,-12.666666666666666,2020-2021
Wairoa District,0.0,11.133333333333333,-11.133333333333333,519.7,-1869.2666666666667,2505.2,126.6,132.73333333333335,7.133333333333333,72.2,-48.93333333333334,-1.2666666666666666,-56.6,-7.833333333333334,-5.666666666666666,-93.6,11.933333333333335,-12.666666666666666,2021-2022
Wairoa District,89.00099999999999,-66.73333333333333,-13.04333333333333,4655.7,-286.4333333333334,-2792.7333333333336,25.544999999999987,-12.933333333333334,-38.28333333333333,65.4,-45.6,-1.2666666666666666,-44.0,46.266666666666666,-50.666666666666664,337.303,-28.978666666666683,4.176666666666668,2022-2023
Wairoa District,-67.468,45.65299999999999,-33.07666666666667,5477.8,-1583.6333333333332,-4278.276666666667,-100.00199999999998,-2.6883333333333077,-51.74666666666667,-524.243,-68.312,-8.98,3.8390000000000004,-48.583999999999996,0.7033333333333305,-200.72800000000004,169.1476666666667,-12.181333333333333,2023-2024
Waitaki District,1.9,-0.5666666666666664,-2.4,1141.2799999999995,-259.7353333333333,-426.8466666666667,-53.3,-27.06666666666667,19.4,11.2,-10.866666666666667,7.8,-29.809999999999995,266.3756666666667,-244.7,4.65,-4.65,-2.0,2019-2020
Waitaki District,-1.4,1.5,2.6666666666666665,831.5,-1160.1666666666665,201.5333333333333,-35.6,17.433333333333334,8.866666666666667,1.0,-9.133333333333333,7.466666666666667,-17.9,306.2333333333333,-211.36666666666667,-16.8,16.683333333333334,-10.0,2020-2021
Waitaki District,-0.6000000000000001,-7.7333333333333325,4.6,1602.0,-1342.5666666666666,867.8666666666667,-1.4000000000000004,-31.666666666666664,21.866666666666667,-13.5,7.666666666666667,4.933333333333334,3.2,105.83333333333334,6.666666666666686,-16.0,16.766666666666666,-40.333333333333336,2021-2022
Waitaki District,-10.051,17.512000000000004,-18.436666666666667,-644.7,868.0666666666666,242.06666666666666,-66.0,58.46666666666667,-14.733333333333333,20.2,-17.966666666666665,-1.6666666666666667,-22.0,-853.0,703.0666666666666,47.519,-22.341333333333335,-22.42666666666667,2022-2023
Waitaki District,2.9880000000000004,6.924999999999999,7.598000000000001,2693.4,-1179.4333333333334,-295.06666666666666,41.371,-0.7946666666666715,48.19333333333333,-2.7839999999999976,2.0693333333333346,12.466666666666667,101.904,-1737.6666666666667,1601.16,-0.6560000000000015,6.160333333333335,3.6113333333333313,2023-2024
Waitomo District,0.0,0.06666666666666667,-2.066666666666667,-15.050000000000011,-2006.6499999999987,1768.0933333333335,0.0,-14.466666666666667,12.266666666666666,0.0,-11.466666666666667,10.533333333333333,-219.3,161.56666666666666,-140.26666666666665,-0.40000000000000036,-6.2,-1.0,2019-2020
Waitomo District,0.0,-1.0,0.9333333333333333,-25.599999999999994,-1109.6166666666663,1165.4,0.0,-6.066666666666666,5.466666666666667,0.0,-7.066666666666666,6.466666666666667,-127.0,205.89999999999998,-83.46666666666667,5.6,-5.6,13.0,2020-2021
Waitomo District,0.0,0.0,0.0,930.3,-1593.2333333333336,861.6666666666666,0.0,-6.666666666666666,-17.933333333333334,0.0,-2.333333333333333,4.066666666666666,0.0,63.599999999999994,-119.6,-56.0,54.13333333333333,-2.0,2021-2022
Waitomo District,0.0,0.0,-1.0,1736.5,372.3666666666666,-675.6666666666666,0.0,-1.9333333333333331,-10.333333333333334,0.0,1.6666666666666667,-1.6666666666666667,0.0,108.6,-107.6,0.0,43.63733333333333,-41.153333333333336,2022-2023
Waitomo District,0.253,0.48000000000000004,0.32,463.4,-415.6333333333333,310.33333333333337,317.68,716.9573333333334,11.933333333333334,14.3,-4.733333333333333,-8.666666666666666,0.0,71.26666666666667,-73.6,0.0,7.454000000000006,-7.367333333333334,2023-2024
Wanganui District,0.8,7.0,-18.8,17.89999999999992,-2092.540000000001,1121.4866666666665,8.3,0.06666666666666643,-8.533333333333333,0.0,2.0,-2.066666666666667,0.0,0.5333333333333334,-0.6000000000000001,0.0,0.0,0.0,2020-2021
Wanganui District,-8.0,13.399999999999999,-5.8,110.10000000000002,-1837.6333333333334,1564.4,9.3,1.166666666666666,-10.466666666666667,0.0,1.9333333333333331,-2.0,0.0,1.5333333333333334,-1.5333333333333334,0.0,0.0,0.0,2021-2022
Wellington City,0.0,0.0,0.0,-60.3,-9.266666666666666,69.06666666666666,0.0,0.0,0.0,0.0,0.0,0.0,0.0,0.0,0.0,0.0,0.0,0.0,2019-2020
Wellington City,0.0,0.0,0.0,0.7,-86.7,79.46666666666667,0.0,0.0,0.0,0.0,0.0,0.0,0.0,0.0,0.0,0.0,0.0,0.0,2020-2021
Wellington City,0.0,0.0,0.0,0.7,-14.299999999999999,12.0,0.0,0.0,0.0,0.0,0.0,0.0,0.0,0.0,0.0,0.0,0.0,0.0,2021-2022
Wellington City,0.0,0.0,0.0,41.839999999999996,-30.193333333333342,-10.4,0.0,0.0,0.0,0.0,0.0,0.0,0.0,0.0,0.0,0.0,0.0,0.0,2022-2023
Wellington City,0.0,0.0,0.0,4.758999999999999,-59.02933333333332,50.393333333333345,0.0,0.0,0.0,0.0,0.0,0.0,0.0,0.0,0.0,0.0,0.0,0.0,2023-2024
Western Bay of Plenty District,0.0,8.2,-4.0,469.6600000000004,-136.48999999999887,-264.70666666666637,5.3,-21.266666666666666,16.2,0.0,-17.0,14.66666666666667,0.0,-1.2,1.0666666666666667,4.4,-3.0999999999999996,-13.933333333333334,2019-2020
Western Bay of Plenty District,0.0,6.266666666666667,-5.2,549.9999999999997,-1178.126666666666,312.24,3.4,-9.766666666666667,6.2666666666666675,0.0,-5.733333333333333,5.0,0.0,-7.733333333333333,-9.8,-1.9,29.8,-14.0,2020-2021
Western Bay of Plenty District,0.0,-9.666666666666668,4.733333333333333,953.3,-544.1333333333332,-484.33333333333337,1.2999999999999998,-37.733333333333334,28.46666666666667,0.0,-5.4,4.733333333333333,0.0,-0.8,2.7333333333333334,1.1,11.033333333333333,-17.2,2021-2022
Western Bay of Plenty District,0.0,14.402666666666665,-7.773333333333331,1115.4,136.76666666666677,-868.4666666666667,6.314999999999999,4.683999999999999,-16.686666666666664,0.0,4.6,-35.6,0.0,5.533333333333333,-3.2,54.516000000000005,3.862666666666671,-74.04333333333332,2022-2023
Western Bay of Plenty District,16.038,19.863999999999997,-1.5026666666666655,1713.5,-74.26666666666665,106.93333333333328,11.850000000000001,0.30833333333333357,38.395999999999994,1.958,5.677333333333339,40.59999999999999,0.0,0.5333333333333333,2.466666666666667,19.727999999999994,20.405333333333328,-18.022666666666673,2023-2024
Westland District,0.0,-3.4666666666666686,-41.06666666666666,-99.5,-351.5333333333333,-145.8,17.8,16.8,-40.06666666666666,0.0,73.26666666666667,-17.6,0.0,-0.33333333333333337,1.2666666666666666,0.0,0.2,-0.2,2019-2020
Westland District,0.0,62.06666666666666,-73.53333333333333,96.30000000000001,-548.8333333333334,115.73333333333335,29.3,-4.066666666666666,-2.0,0.0,-58.46666666666667,112.73333333333333,0.0,0.6666666666666666,-0.6666666666666666,0.0,0.2,-1.2,2020-2021
Westland District,0.0,-182.0,-290.06666666666666,82.30000000000001,-112.70000000000002,-73.66666666666666,4.3,-44.099999999999994,36.266666666666666,0.0,-174.06666666666666,-815.5333333333333,0.0,-2.533333333333333,2.3333333333333335,0.0,-1.9333333333333333,0.8,2021-2022
Westland District,0.0,-2910.0,-20.0,754.417,-411.32133333333326,-526.8000000000001,-19.24,6.766666666666667,11.200000000000006,0.0,193.06666666666666,707.0666666666667,0.0,-7.0,-24.466666666666665,0.0,-1.0,-40.06666666666667,2022-2023
Westland District,10.065000000000001,2644.0533333333337,622.05,1208.88,484.9309999999997,95.13133333333343,43.245000000000005,-87.64266666666667,64.98333333333332,0.0,-51.8,34.93333333333334,0.0,18.720000000000002,1.4500000000000002,0.0,0.10666666666666667,40.9,2023-2024
Whakatane District,0.9,10.5,-11.4,6545.3,844.0,-1675.5666666666666,-9.79,23.904333333333334,-4.843333333333342,51.709999999999994,2.9076666666666666,-8.476666666666663,0.6,103.33333333333334,-448.0,0.0,-9.0,8.666666666666666,2019-2020
Whakatane District,-0.19999999999999996,11.566666666666666,-14.4,2888.7,71.5666666666666,-3875.0,1.5,-6.633333333333334,-10.533333333333333,9.4,-12.3,3.133333333333333,-6.0,-131.33333333333331,-81.93333333333334,0.0,-1.8000000000000007,0.0,2020-2021
Whakatane District,0.8,-2.1333333333333346,0.5333333333333332,2967.6,-171.6333333333332,-2280.866666666667,-4.0,-12.633333333333333,-43.86666666666667,6.199999999999999,-19.666666666666664,10.0,0.0,-480.26666666666665,72.73333333333333,0.0,0.5999999999999996,-19.2,2021-2022
Whakatane District,-8.0,-52.0,-61.666666666666664,2706.6,141.20000000000027,-4922.066666666667,26.399000000000004,-0.3333333333333335,-68.94666666666666,4.2950000000000035,-0.4666666666666659,-5.183333333333336,0.0,-701.3333333333334,-3080.733333333333,0.0,-144.0,-67.6,2022-2023
Whakatane District,15.191,97.82933333333334,38.050000000000004,4356.9,-3055.8,746.1899999999996,-16.821000000000005,-4.580999999999996,50.25333333333334,-7.555,-22.628999999999998,35.376666666666665,48.57599999999999,844.7866666666666,2239.6233333333334,18.106,66.88000000000001,10.84,2023-2024
Whanganui District,-8.0,-6.6853333333333325,9.039999999999996,356.19999999999993,-4526.173333333334,5548.866666666667,11.826,14.438666666666663,67.86,-1.0,1.7186666666666648,-0.9233333333333369,0.0,-27.0,-27.8,0.0,0.0,0.0,2022-2023
Whanganui District,0.0,2.73133333333333,-3.9846666666666657,190.3,-1468.8320000000006,-343.68666666666604,16.544,0.8766666666666811,-14.738666666666665,0.0,-1.0493333333333292,0.7913333333333346,0.0,29.269333333333336,25.560000000000002,0.0,0.0,0.0,2023-2024
Whangarei District,0.1,-12.9,12.866666666666667,1445.1,-1268.3333333333335,259.9666666666666,0.1,-6.633333333333335,5.466666666666667,-4.6,-38.63333333333333,34.46666666666667,0.0,0.0,0.0,0.6,-0.6,0.0,2019-2020
Whangarei District,-1.0,1.0999999999999999,-2.2,1159.5,-1058.3666666666666,369.9333333333333,22.1,-6.633333333333333,-10.466666666666667,71.9,-5.133333333333333,34.733333333333334,0.0,0.0,0.0,0.6,-0.6,0.0,2020-2021
Whangarei District,0.0,1.2,-1.2,1093.1,-207.23333333333335,73.26666666666665,29.6,-38.43333333333334,32.53333333333333,0.2999999999999998,-31.833333333333332,11.733333333333333,0.0,0.0,0.0,12.7,-0.6,-10.0,2021-2022
Whangarei District,0.0,7.6,-1.2,2008.7,-277.89999999999986,-275.26666666666665,16.733,1.8559999999999945,-1.436666666666663,22.8,-14.233333333333334,4.933333333333334,0.0,0.0,0.0,37.07599999999999,-1.7,-10.170000000000002,2022-2023
Whangarei District,0.0,1.6,-8.59,446.4000000000001,-669.6333333333333,481.8100000000002,22.918000000000006,-24.80833333333333,32.90399999999999,51.525,-23.634666666666668,9.653333333333304,0.0,0.0,0.0,16.356000000000005,-4.9159999999999995,-4.390000000000001,2023-2024
