ta_name,year_period,unit,cluster_0,cluster_1,cluster_2,cluster_3,cluster_4,cluster_5,cluster_6,cluster_7,cluster_8,cluster_9,cluster_10,cluster_11,cluster_12,cluster_13,cluster_14,cluster_15,cluster_16,cluster_17,cluster_18,cluster_19,cluster_20,cluster_21,cluster_22,cluster_23,cluster_24,cluster_25,cluster_26,cluster_27,cluster_28,cluster_29,cluster_30,cluster_31,cluster_32,cluster_33,cluster_34,cluster_35,cluster_36,cluster_37,cluster_38,cluster_39,cluster_40,cluster_41,cluster_42,cluster_43,cluster_44,cluster_45,cluster_46,cluster_47,cluster_48,cluster_49,cluster_50,cluster_51,cluster_52,cluster_53,cluster_54,cluster_55,cluster_56,cluster_57,cluster_58,cluster_59,cluster_60,cluster_61,cluster_62,cluster_63,cluster_64,cluster_65,cluster_66,cluster_67,cluster_68,cluster_69,cluster_70,cluster_71,cluster_72,cluster_73,cluster_74,cluster_75,cluster_76,cluster_77,cluster_78,cluster_79,cluster_80,cluster_81,cluster_82,cluster_83,cluster_84,cluster_85,cluster_86,cluster_87,cluster_88,cluster_89,cluster_90,cluster_91,cluster_92,cluster_93,cluster_94,cluster_95,cluster_96,cluster_97,cluster_98,cluster_99
Ashburton District,2019-2020,hectares,4122.692623390015,72.07091249999999,0,193.3232034108839,77.84426191406249,267.32267646484377,640.6729879591758,490.4816317212393,2026.6328507929309,0,2.881297412109375,2.1576205078125,36.14987016601563,0,39.02854462890625,128.34654672851565,1526.8790637632123,46.18828764648438,13.81346572265625,12.99865389188879,178.51922986174938,152.1466281738281,5.772442724609374,574.9308103515625,2.1665644042968752,7067.340802108607,7.202692626953125,93.01746914062501,5.041896484375,493.3165068847655,13.70818935546875,1.4465139648437502,108.87905996093748,53.328333203125005,0.72393466796875,39.62251411132812,0,10.812847314453125,1904.752189397787,162.89770493164062,3.6030017578124998,105.31183544921872,675.5021716817937,12.82551714441636,18.777391162109375,15.88175146484375,2.902147412109375,277.0236577148437,943.1526416503907,43.94929819335937,1277.1346993164063,389.32241005859356,0.720075927734375,0.721564501953125,0,11.543096875000002,16.58743720703125,2.1525677734375,147.5060106474035,146.29586801757813,1020.8597568606388,0.71752978515625,0,32.44430239257813,23.700690013212316,304.8853218566176,20.9315458984375,2.164900927734375,6.5019384765625,31.02339111328126,30.310552001953127,1754.8145516186046,31.7062546875,495.7792216086473,322.4337911132812,3836.14504478669,123.37418803710938,0,27.254886268573834,0,953.8082277832034,37.00126914062499,65.32321851849724,43.381062506893386,10.816886083984375,24.490447363281252,10.094024414062499,13.029917822265624,205.55483183593753,1680.6566486190252,5767.292051067518,2947.391219384764,4914.075427353328,0,2.16454814453125,2864.0692080575986,1.442219482421875,1176.387521777344,2044.504724316406,405.7199280761719
Timaru District,2019-2020,hectares,537.3225794954428,21.52633916015625,0,47.359668847656245,5.7423248046875,57.374121044921864,136.16231391601565,249.03032371132042,1262.8450113126148,0.71938935546875,19.3791048828125,5.720770751953125,366.9483528320314,0,304.99182939453146,2.153730029296875,977.2926837865729,42.97888720703124,0,17.88819523571538,78.223363671875,48.05765795898437,20.791650244140627,159.37786695484837,0.715232763671875,2413.6618285973864,0.714995068359375,50.158826806640626,1.43416572265625,850.7467568008963,0.715632373046875,0,20.765001513671873,17.22463125,0.713924267578125,2.8675189941406254,0,15.7292345703125,744.8336419058287,72.47673491210939,10.017427490234375,25.856867431640623,976.9424522535625,31.580709521484376,22.347417675781248,18.614725927734376,0,237.12953749827662,295.0112903247548,15.07046513671875,567.9398615234377,207.54603470396756,17.221478662109377,0,4.2948263671875,1.4289630859375,3.57650810546875,1.430885595703125,68.17033149414063,8.598206738281249,1271.3234483647364,2.14369873046875,0.717572802734375,16.465507421875,11.608320436006434,154.99315823471963,2.144746826171875,0,0,5.007512060546874,12.868202246093748,3338.5077547529886,0,255.36372749406405,136.6275476074219,711.8310060642618,102.46943847656247,0,8.607784423828123,0,494.8608252845435,8.637943505859374,32.6647431104473,10.175411571691177,3.603969677734375,8.601435693359374,2.858098046875,12.592398241421568,39.41357484987745,941.3276437978706,1798.721771816408,1046.4825069155943,667.2543192838541,0,4.29128818359375,782.1451436287913,0,86.13908575252756,3198.8120773249875,70.81497470703124
Mackenzie District,2019-2020,hectares,432.9692198730471,30.14421206054687,0,106.20857729492187,2.147926513671875,47.72620636757046,213.33116308593748,189.70351846737134,856.6807533442477,0,27.29524213867188,2.1521434082031248,245.20727617187487,0,228.6711979492188,5.74776572265625,775.8227677357152,84.8109353515625,2.8900203125,31.7004251953125,14.3795533203125,76.74360976562498,9.33763525390625,256.8838526367187,0,948.473691624348,0.72245166015625,58.794933300781246,0,467.26927833543954,1.44875341796875,7.196526953125,22.961740673828128,10.06045771484375,10.076218701171873,7.162117919921874,0,1.4298927246093749,813.6539220716528,53.11998217773438,10.77360419921875,14.365525244140626,600.0191196587772,4.298313037109375,9.33372080078125,10.778042724609374,12.24916728515625,108.36399331054685,576.8128796386717,57.335194287109374,376.509387158203,507.5749324986595,7.049334540824142,0,3.605307763671875,0.7158806640625,0,78.8835224609375,30.85283544921875,32.31557392578125,1368.5666802418427,0.716225927734375,0,11.164783187040442,24.37455107421875,370.11745801298247,0.71992578125,2.150338134765625,3.592518603515625,1.433604150390625,1.432311572265625,1696.1508036527255,3.5986910644531247,276.2979024550015,40.92832353515626,532.9845759277345,96.03410693359373,0,40.97322412109374,1.4325379882812501,366.176489519761,94.19285761718749,109.84779799804687,22.286000048828125,1.4319016113281249,29.41142900390625,4.30687529296875,10.08011728515625,26.570062011718754,907.2798343275124,667.7352327000997,1292.3349695586314,295.8039329461547,2.8750005371093748,7.923045996093749,908.202027490234,0,42.3578578125,2182.6382466306713,49.5182134765625
Waimate District,2019-2020,hectares,403.5093697009036,24.344001904296878,0,43.454418554687486,2.1329611328125,48.36627729492187,205.9516018370864,270.3823734780943,1430.9323132553995,0,57.57360356445313,2.134332861328125,126.31487566119024,0,268.1616474283854,7.12752890625,794.882320310394,79.66065815429688,0,7.2943425143612135,66.87137871093749,32.737375390625004,12.096811621093751,489.57745322265663,0.710461962890625,1598.0629990894997,0,81.90576458984376,32.07488876953126,1104.4383715906483,0.711494970703125,1.42281572265625,39.91696953125001,11.401976123046875,0,2.8410728027343746,0,30.6134232421875,668.3106127280561,61.9329763939951,12.799059765625,23.48218520507812,2370.5427341948157,3.554375244140625,4.97816630859375,27.08865615234375,0,208.10751469726563,365.6039302246093,34.6297220391008,585.9677609374999,211.2545443847656,19.230394677734377,0,12.104356640625001,4.974066748046875,2.1338869628906254,4.9827111328125,5.681143408203125,189.6394676269531,1482.1050354574527,0,0,27.811214208984374,32.76951474609375,410.89295988434424,0.71303603515625,2.1344953125,0.713231103515625,4.98299873046875,29.188652636718754,7439.392761923639,17.087664794921874,282.97465196806064,107.67369582414214,749.8018000702741,148.74633432617185,0,17.770110009765627,2.13321220703125,392.47541289253974,15.674644873046873,67.5741451171875,36.26641831054687,0.711299365234375,26.392823535156257,12.816145605468751,8.523702148437499,102.41880551757814,739.8379097474341,1681.7469400281477,952.4201369761032,342.4449039895451,0,2.1383273437500003,1053.071832776501,0,43.46261728515626,6361.48365195083,86.0234229980469
Hurunui District,2019-2020,hectares,106.3054158203125,0,0,187.89200712890633,40.176937990579034,91.14594585784313,300.40408264342045,134.75611484317554,620.2446864746095,0,83.46185014648438,0,989.5636741699216,0,961.4601496375228,141.23899306640627,695.2064617800244,11.725812988281248,0,3.66039345703125,107.70223825367647,3.657191357421875,0,7224.617335032934,1.4656087402343752,1735.2584013189332,1.458648828125,7.3361962890625,5.137062060546874,1122.7654799887023,8.81334111328125,0,15.40071435546875,8.069618359375,2.9327734375,14.660798144531247,1.46690224609375,56.59696796779259,843.2012840935201,8.791516748046874,25.636886523437504,1.46230859375,22574.92086303384,43.21113671874999,3.6684611328125,51.17005587086395,2.20490068359375,222.84707626953124,394.31947045898437,9.528948437499999,548.27938125,109.98502490234375,1.467604833984375,0,67.64579374999998,5.127120703125,120.28860136718747,4.403998193359375,360.02307500000006,394.11861180740664,926.9254125137868,0,0,0,10.265895849609375,24.848372802734374,6.589684619140625,5.139689599609374,3.6529168457031247,2.1965064453125,126.26846879882808,312.6415979689416,131.95040645948222,462.1045850585937,26.42432055664063,926.2912100218291,1335.670570436198,0,60.85425458984375,8.8125865234375,107.4737773753447,2.19664287109375,0,97.61450158949907,16.1552759765625,1.4676154296875,3.6565833007812496,6.57475654296875,209.47498011623017,595.3862371871169,1435.6518349609375,717.1947953125003,108.45978476562496,0,6.56748525390625,1168.2123774902345,0,703.4897672851565,4850.333065886565,135.31733620710781
Waimakariri District,2019-2020,hectares,346.4549236234298,0,0,49.48265161132812,35.6263511850873,36.38044458007813,221.99917553710935,174.4463309087776,391.7209682789522,0,28.437122460937495,2.182864013671875,48.802488671875,0,291.47815776769295,88.7175345214844,405.02682796128215,7.27957314453125,4.361550830078126,0.727186865234375,40.764810134995415,8.729448681640626,0,201.99196939223344,0.727653125,1750.7622853205442,0.72653994140625,11.640594580078126,0.727600146484375,259.24358947916664,0.7269642578125,0.727737841796875,74.07419116210933,6.55027265625,0.727420068359375,8.7287927734375,0,3.6337710449218754,535.8244292503447,61.815803271484384,0.7261046875,4.365058154296875,1094.229399283854,19.667162158203126,3.63822275390625,12.372144433593752,0.727684912109375,84.12199088541668,250.36032468750005,4.364350537109376,449.8363294205731,98.93487441406249,0.72776962890625,0,5.10658056640625,9.461077001953125,31.995356005859378,2.186683203125,170.25397534179692,36.894925482153795,498.6281734239047,0,0,0,4.3650583496093756,54.58919877929687,0.72594541015625,2.18122138671875,8.723389990234375,0,6.55083681640625,402.45069125421264,23.99269995117188,125.02378112208946,36.355488525390626,948.0813751487823,43.64883183593749,0,31.292398046874997,1.4583318359375,162.87943818129602,3.6338984375,1.4552744628906251,37.85033735351563,0.72745185546875,4.366426416015625,0,0.726943017578125,95.32489956054688,500.26345648188556,1196.2469753475414,619.2864545073146,406.6077210855162,0,7.273584033203125,521.1025648479626,0,244.39647581954654,1586.9968483733533,85.85063461914062
Christchurch City,2019-2020,hectares,28.184992333984372,10.100750537109374,1.450030615234375,6.505210546875,6.502438769531251,25.98870502929688,71.65006201076132,73.84191367187499,60.770696826171886,0.724115771484375,19.517221337890625,0.72168212890625,202.01254819335935,1.4499880859375,132.3108974609375,43.335199462890614,23.17520654296875,9.3945470703125,0.721446826171875,0.72414775390625,32.59292294921875,5.7852394531249995,0,15.898977783203126,0,29.3054886908318,2.90337783203125,5.063247705078124,7.21431845703125,133.48787986940872,2.176210400390625,0,8.694390869140625,41.61359958352481,0,0.721692822265625,0,32.75536447112438,32.07864175130208,15.158026269531248,0,5.778369677734375,221.34052303002446,17.366811328125003,18.756494091796867,3.506278435968137,0.725414111328125,78.05280727979475,56.3540349609375,4.3341326171875005,62.907742871093745,52.032960546874996,2.16437255859375,0,0.721425439453125,5.795727197265625,12.324497265625,0,21.746699511718752,16.660035302734375,41.993669728477336,0,1.451380712890625,3.62029111328125,7.939890771484375,38.16479860121783,1.44922177734375,0.725265234375,0.724009228515625,0.7240837890625,7.226341943359375,976.1132998075589,3.607576171875,12.28351630859375,6.513867333984376,78.85070097656248,12.30205703125,0,2.8971915039062504,0,75.39668571537989,4.32972900390625,1.4514021484375,4.35071923828125,2.896772021484375,0,2.175050341796875,4.352909716796875,11.569301318359376,32.525877978515624,133.36350661209408,346.24506288526345,3.61741953125,0,18.10952744140625,115.60230393382353,0,2.8966123046875,689.6075229660692,32.95072099532782
Selwyn District,2019-2020,hectares,1632.0952922234997,19.52902314453125,2.172794677734375,138.4803658381204,32.610465869140626,236.81352714843757,590.7661001240809,326.23414467773443,1256.342917570466,0,50.831973779296874,10.142307861328126,440.5944235255822,0,507.82691361347275,235.5364162597656,1332.7192719626996,69.50689873046875,0.7268263671875,7.246396484375,153.81378890337777,76.82108632812498,0,693.4580799804688,0,3492.385572042548,3.62170771484375,110.04166293945313,4.33589443359375,512.517677604358,17.384770703125003,2.167397607421875,95.58112456054687,75.98441074218749,3.62255908203125,47.14314853515625,0,145.54579586473648,1191.2991849258958,137.8881447719439,4.351333544921875,28.957346484375005,1965.5712000157016,48.059294777879906,31.102760058593752,23.901913037109374,2.182779248046875,302.6132225045956,877.2664169944854,61.53578105468749,1281.6841640136718,437.04521026079965,6.50430654296875,0,3.6345662109375003,12.291530078125,52.17333564453125,32.761919482421874,235.32230126933973,267.40602750746785,1087.3245199911917,3.623677392578125,1.44758154296875,24.592245214843754,33.288900341796875,366.12344714096986,10.14060712890625,0.724850390625,0.726889990234375,18.105626855468753,36.95228168945313,1702.6392708867572,65.84365043945311,513.4684206887639,215.0795900390625,1783.0831642331113,191.46058701171876,0,90.28041270603556,1.4508494140625,583.6932217179841,23.87721206054687,49.924874658203116,40.633340618106615,8.70141318359375,18.83411796875,5.07149365234375,7.287019482421875,117.37421811523438,1090.9167499664904,2948.012845292393,2186.913309380745,1925.3338624348955,0,29.698951414100797,1558.649023113511,0,1052.9050795410155,4104.709003223804,470.23965262542134
Ruapehu District,2019-2020,hectares,42.42593588867187,0,0.77732216796875,58.8232728515625,6.177672167968749,2.313754296875,151.58923102136947,69.02390961914062,149.95291249999997,0,37.58682675685508,0,1320.155701400697,3.118537744140625,1359.368521976295,4.628018603515625,1037.1869829459638,4.649592822265625,0,0,598.3023636678536,0.7712419921875,0,711.6128936758973,0,311.1450811523438,0,0,0,506.8980609884344,21.716275292968746,0,0.771594287109375,0,5.401301904296876,2.322673974609375,1.5429831054687502,33.43486396484375,1086.4466162151505,3.8608061523437502,1.54687978515625,0.771056005859375,431.8411338028494,192.22974862094048,0.77168232421875,55.09374786439186,0.780146484375,136.6127856596584,81.27762622070316,0.77424775390625,147.6228758789063,135.1085626953125,0,0,122.85036225873162,0.774101806640625,11.232760687997857,17.038621533203123,63.27038193359374,102.04641328125001,364.28889570312504,0,0,0,0,27.11466650390625,0,1.5509943359375,0,1.55875126953125,81.55455102539061,68.28136103515624,9.281272412109375,129.19727265625002,27.097006640625004,208.304205423177,386.831429832644,0.771310546875,32.445904687500004,29.43699575195312,28.626236621093753,0,2.323239013671875,20.16869599609375,1.54428349609375,0,3.8613730468750003,45.09042817382813,78.00875444335938,1370.7838970871626,387.57996816406245,402.19361718749997,27.773583544921877,0,0.779752294921875,264.8157732421875,0,111.18109907226568,534.1478566088389,16.228086181640627
Thames-Coromandel District,2019-2020,hectares,0,0,0.798210498046875,20.69898134765625,19.102529980468752,0,15.156460449218752,11.99244541015625,0.794798974609375,0,11.1818326171875,0,453.59836987304743,0,549.9183863851871,0,0,0.79760986328125,0,0,26.265683544921878,0,0,1927.331242378983,0,0.79552431640625,0,0,0,236.1288424743413,2.38561552734375,0,0.794929248046875,0,1.59498779296875,3.20060869140625,0,15.154064306640624,122.72349063802082,0,1.593226318359375,12.738527734375001,971.6914180742574,59.692742089843804,0,11.167188134765626,0,3.1858409179687497,16.70088891601562,0,15.94246767578125,39.96352077301624,0,0,4.7909310546875,0.798644287109375,0,7.174831591796874,0.79893017578125,20.756135791015623,86.20797583007813,0,0,0,0,6.373958789062501,1.59774970703125,0,0,2.3945853515625,46.29004604492189,20.750439404296877,0.799749853515625,10.338636279296875,11.146413867187498,0.7993263671875,531.9161973175169,0,0,0.7898042095588236,6.358920703125,0,0,15.159185986328126,0,1.60027216796875,0.79518037109375,24.710436474609374,4.781004248046875,0,0.795784375,66.17420146484375,6.35827041015625,0,0,11.9715763671875,0,0.798625830078125,39.062874755859376,6.375885253906249
Hauraki District,2019-2020,hectares,46.83956279296875,0,0,37.830075856119784,0,0,93.6708346191406,3.9723798828125,1.586306396484375,0,6.363398388671875,0,81.90749318148744,0,111.17731478841146,7.942878027343751,0,0.79382998046875,0,0,66.62840473632811,0,0,1232.9260226541433,0,3.17948134765625,0,0,0,573.4455460680914,0,0,5.55634873046875,0,1.586764013671875,0,0,14.1744472589231,244.63389688668042,0,0,0,1300.4011489531626,9.514100439453125,0,57.949727441406246,0,12.693593408203125,4.764351513671874,0,7.445455914905025,321.9286965427772,0,0,7.143503173828124,3.1768648437500002,1.5891697265625,0,0,30.182883154296878,14.582955372625612,0,0,3.1750656250000002,0,0,7.150470263671875,0,0,16.668741259765625,131.4805474195772,13.971558480775121,0,63.43391773169423,91.36363276367189,12.70680146484375,465.27002368891704,0,0,0.7938859375,146.14274955212164,0,7.14783466796875,2.4391558599494485,0,0,0.794864111328125,1.58824736328125,4.765275830078125,0,15.878578710937498,18.416074323108152,51.614252946920956,0,0.5012024582567401,14.288832763671875,0,1.5875851562499999,651.2456640188421,38.32802108762254
Waikato District,2019-2020,hectares,170.8830603027344,1.5881634765625,3.9635736328125,109.01077421913297,48.31297890625,17.385939990234373,482.6805387530638,38.02751694335937,35.089345760569856,0.790130224609375,16.62064775390625,0.789913818359375,789.1356132324217,0,1031.2529059941787,21.379562548828122,20.612597900390625,17.415706640625,0,0,193.20215483398437,7.9326968749999995,0,997.3156760024126,0.79458486328125,82.83507644761029,1.58395712890625,5.539574267578125,0,1285.1509709800098,0.793466064453125,0,12.658248437499998,3.1685830078125,21.3799509765625,15.029639013671876,0,43.57278281249999,795.6909708984376,0.793699365234375,7.938880957031249,3.1643166015624997,3392.8210300865494,51.42438662109375,0,794.0982291433058,0,248.2527943171722,178.31374122529874,5.539020166015626,139.5580442382812,1110.017451897978,0,0.79397919921875,197.11254511718744,22.959266259765624,29.2850640625,1.5880606933593748,26.901757421875,22.181182763671874,627.4074640793506,2.38035146484375,0,49.04151298828124,7.124818115234375,40.18463805664063,17.17827597713695,3.9526485351562504,0.791463818359375,7.910296435546875,20.617386328124997,153.702598046875,8.71266201171875,377.6203984863281,105.5606433101639,99.855303515625,514.6025660837928,5.52905732421875,55.40116948242188,47.49519022020527,600.0189572043503,0,36.89401786630668,22.962130517578125,7.1307587890625,2.378013330078125,0.794221533203125,64.86092915039062,215.4772399902344,11.876760693359373,215.1438228494562,301.405730870098,50.24892510052849,0,0.793344677734375,263.607698046875,0,91.95250390625,4876.60666529949,36.44213460880055
Matamata-Piako District,2019-2020,hectares,63.969026904296896,0,0,55.40384314568016,0.789424267578125,2.366736279296875,67.15005673253677,1.577837353515625,26.855327148437503,0,2.37684599609375,0,14.233236328124999,0,39.122059784773285,37.903072265625,8.692951025390625,6.550808570197611,0,0,16.589757568359374,9.46797998046875,0,84.65581285213695,0,29.197306884765617,0.7902806640625,3.9441596679687505,0.789876220703125,533.5272152812882,0.790431103515625,0,35.495951269531275,4.736611572265625,1.5804895019531249,5.5348124511718755,0,1.584304931640625,280.54205361328127,4.734594482421875,0.788500146484375,3.947128076171875,558.7697133141851,1.5797618164062501,0,147.43278943148746,0,81.91455786420036,120.02454135742188,4.7301791015625,128.61758896484378,949.512575787952,0,0,18.15151083984375,4.739279736328125,8.69052626953125,15.007920751953133,5.5271786621093755,15.815339062499998,242.4741186517693,0,0,6.312624365234376,1.577821142578125,25.251385400390625,10.261244677734375,1.5793288574218751,0,8.69099814453125,2.3694592773437497,68.77683886718751,0,83.72051206054694,64.1501327119715,44.97098750000002,43.491807958984374,0,10.2671271484375,1.579929638671875,168.89658800436584,0,11.836945166015624,6.3173001953125,18.149046582031247,5.524931689453125,2.3666699218750002,3.1615237792968753,61.626410644531234,11.832840527343752,112.98668115234375,79.78243074908085,59.241740966796876,0,0,122.21045938648898,0,10.685051525160844,1635.090180206801,16.582587646484377
Hamilton City,2019-2020,hectares,2.3653587890625003,0,0,1.578264306640625,0,0,20.500994189453124,2.3662173828124997,0,0,0,0,0.19795729166666667,0,1.576934228515625,0.7891509765625,0,0,0,0,1.57901806640625,0,0,0.788537890625,0,1.7698028333716298,0,0,0,15.098886470205269,0,0,0.789179248046875,0,1.57726455078125,0,1.578424560546875,0,1.57754736328125,0,0,0,72.76792444661463,0,0,21.293758300781246,0,1.4068305692784926,0.3064128670726103,0,0,10.330749010225183,0,0,8.674501660156249,0.78919814453125,2.4416542130055148,0,0.789047314453125,0,0.789122705078125,0,0,0,0,0,3.15730126953125,0.789207568359375,0,0,0,1.578405712890625,0.78892470703125,18.33241378102022,0.78859453125,3.1539344726562497,6.207479942555147,0,0,4.7316417968749995,34.17536918083638,0,0,0,1.578669482421875,0,0,2.368103173828125,0,0,6.1422028980928305,0.7918407720588235,7.097898046875,0,0,0.42094588541666667,0,0.788575634765625,106.45129874617042,0
Waipa District,2019-2020,hectares,74.05345068359377,0,9.447443896484376,30.6896603515625,0.78789560546875,2.355524560546875,107.7919983036535,17.06205222866881,8.65845380859375,0,0,2.362126416015625,38.574822998046876,0,43.82948125517004,3.934516259765625,4.7257090820312495,3.1496228515625,0,0,51.206238867187515,1.57632041015625,0,211.5237249724265,0,64.04654463082109,0.78814130859375,0,0,742.0945518759573,1.57190771484375,0,2.3581080078125,0.78789560546875,1.57726455078125,2.3624564453125,0,16.534704541015625,204.09430793351723,0,1.571508935546875,0,1897.5311447035845,7.875393310546876,0.787886181640625,163.84458240100338,0,48.80942641601563,35.95736935891544,0,22.836552343750004,431.1433717323452,0,0,33.92560648456649,5.505378271484375,7.873928041130515,0,14.251248164253981,6.295205468749999,115.67732998046876,0,0.788122412109375,7.0861939453125,0.7867978515625,21.251186718750002,9.441040185546875,0.7859443359375,2.362759814453125,6.298680957031249,5.508526025390625,16.53513125,3.1493504394531247,102.3574962354473,56.690778271484376,72.47203466796876,109.87834898839614,3.1525462890625002,2.360889501953125,9.4593859375,273.8588952016314,0,3.14522919921875,2.363648779296875,0.787886181640625,0,0.78699677734375,22.039287597656248,91.69787740464155,0,64.07960034524356,25.18742060546875,19.309384634650737,0,0,61.39918266601563,0,10.2448046875,1804.4536638622087,15.734736376953125
Ōtorohanga District,2019-2020,hectares,1.5633634765625,0,0,20.092704755859373,3.923165771484375,0.784994140625,40.81702612304688,5.6599739711626835,57.18009796281403,0,0,0,29.04251119944853,0,164.3889458515242,1.5714994140625,45.45271240234375,0,0,0,13.354754101562499,1.570805078125,0,80.68927812500003,0,84.63452504882815,0,0.783192919921875,0,376.3330793077895,0,0,2.3560375000000002,0,0,1.572249365234375,0,11.770651953125,320.4619701708027,0,0,0,228.88083767099417,0,0.783192919921875,81.6265865234375,0.785640478515625,19.601599462890626,34.537892578125,0,3.637752335133272,269.7222802686504,0,0,21.194830322265624,4.702951660156249,0,0.784213525390625,9.81062254174326,10.195650634765624,67.72170184666054,0.785469482421875,0,1.5676909667968748,0,9.423766552734374,0.785773486328125,0,0,4.71096748046875,27.470985009765627,20.39535258789062,0,62.11455662434897,11.781685009765624,80.14688898801319,98.85569697265625,0,4.7105244140625,3.140544677734375,64.8188311998315,0,0,5.4928212890625,0,0,0,3.1452765625000003,20.68537352251838,90.89211953125,167.5037996719899,61.427805777994784,2.3543251953124997,0,0.78336474609375,62.78334838867187,0,1.57224931640625,516.8970265265011,6.28073603515625
South Waikato District,2019-2020,hectares,11.039516429227941,3.919790478515625,0,82.29884155273437,258.18686950961256,6.27652470703125,174.00778188476556,114.46156704618566,94.9380595703125,3.138571875,57.208121728515636,2.3501028320312503,2107.065683687191,1.5692365234375,3553.9035475863607,7.844933203124999,63.52609741210937,10.234745377029718,0,0.78357470703125,852.1950556355314,3.136072607421875,0.7830783203125,572.6987857747397,0.7840896484375,250.95240007582726,3.132847265625,4.705528320312499,0,434.4535990422029,1.5689855957031251,0.7829732421875,8.62569755859375,0,0.782925439453125,0.7848990234375,0,7.0626618164062505,613.6372841553693,0,2.3507965820312497,0,298.676022309666,1507.9239695389106,0,115.10808322495404,0,68.53371760665596,159.9107276367188,1.567836083984375,171.65248540039062,436.2920957678462,0,0,37.660450292968754,7.834585058593751,1.569831494140625,27.4197064453125,13.329859423828125,14.109685205078124,397.87281841643704,0.78588740234375,1.5680267578125,16.483838525390624,3.922351220703125,91.4985159340533,3.9278890136718747,1.5666435546875,1.569750439453125,9.411475,45.50343876953125,79.19080815429687,3.917967626953125,161.2177435430071,46.278504541015636,182.80628090820315,255.73196040747553,0,3.135288427734375,7.843783642578124,51.00752255859375,0,40.773925390624996,12.536396337890624,0.78401337890625,0.78291591796875,23.486028955078112,259.4817380639169,133.34063505859376,67.43417265625001,644.7603923952588,489.459440061466,14.108222558593749,2.3508119140625,6.26646591796875,346.53491245117164,0,2.35096259765625,655.5176745327819,48.59904409179688
Waitomo District,2019-2020,hectares,4.683731982421875,0,0,34.40019091796875,71.32302895507814,6.2641857421875,90.82448666992187,41.47248452148439,43.8310861483226,0,28.938843701171876,0,685.7434410765152,0,705.9587498696005,0,151.67690224609385,7.0442572265625,0,0.784994140625,28.16201791992188,0.781202490234375,0,46.12920610351563,0,183.6896354980468,0,0,0,262.1511669433593,0,0,0.7809626953125,0.783001904296875,0,0.78083798828125,0,23.445595312499997,320.59031554764096,3.1219885742187503,0,1.5662873046875,196.40240576478246,4.703002978515625,0,102.54037250976562,0,39.098609326171875,59.388565917968755,2.35088623046875,21.13441005859375,72.76025664062497,0,0,40.696983642578125,5.47927939453125,3.1253317382812504,3.13486474609375,21.504777477022056,15.628064697265625,74.33802783203124,0,0,0.782715234375,3.1231084472656248,25.034089208984373,0,3.1283431640624997,0,4.688401123046875,22.68495229492187,61.04144619140624,0.7807419921875,84.3427663928462,13.296595214843748,120.13498004423252,194.776481640625,0.782676953125,11.724110791015622,19.575792626953127,55.548815624999996,0,3.90582607421875,10.179864697265627,0.78470869140625,1.5686842285156248,0,9.381687646484375,29.72864326171875,282.43325981924016,316.23280174421734,201.73231027650127,11.732358300781248,0,0,125.32762700195313,0,0,260.14859749023435,10.168099658203124
Taupo District,2019-2020,hectares,21.080325537109374,0.780761181640625,0.779810009765625,207.20505102539065,445.0455271484375,1.5636795898437499,272.93558013537836,501.5326719238281,589.0631557906327,0,2736.6999237038535,1.558818701171875,5599.52266729626,24.146672460937502,7479.393510899406,1.55727041015625,1075.2821931640624,27.283429101562497,0,10.142230078125,4732.456335072571,5.470957177734375,48.30669267578125,1556.6358479492178,0,1908.0215368851486,7.003483105468749,6.235473974609374,0,895.4214826016773,55.96119628906252,0.782227490234375,27.294799951171875,18.64815004882812,45.2039955078125,7.79122734375,15.562484667968752,90.38944194335936,1541.7978854968978,1.56377529296875,37.39743129882813,10.155838720703123,1202.8395928498403,4728.844472833756,0,184.8551340722656,1.5546828125,107.67401391601562,305.44038337105553,18.659526806640624,335.23788193359377,148.34674456380205,0,0,649.5486057326135,4.676798291015625,42.378142956686574,86.46124287109377,47.56880522460938,116.65666396484372,821.313504343022,19.07377296128217,0,14.036445068359374,8.582357617187501,733.4547469165517,8.569476074218748,3.8997226074218747,1.551525927734375,110.07218212890625,169.7347530732996,342.9249514648439,51.19585219726565,259.8790816856235,86.48452846679687,1452.0558999871723,1158.148004589844,0,21.04588466796875,11.669303515625,113.75979218826592,5.440228466796875,77.45257262771905,52.808327326516554,15.548827832031252,0,16.385759814453127,1156.506437820159,243.64942285156252,1205.7511281996783,2143.1405747143076,1479.7446044041058,47.04270265912224,0.780569189453125,4.396307869944852,830.2624856933595,0.77764111328125,60.639273632812476,1256.3619994140631,232.18449711914062
Western Bay of Plenty District,2019-2020,hectares,0,0,2.3679241699218747,22.8785501953125,14.967405273437501,0.787366015625,54.756608415287985,10.242347802734374,58.11515334922642,0.792101025390625,37.50418544519762,0.788660595703125,728.7467253917739,0,885.4917419368493,26.051941210937496,13.373248371821385,11.841294970703123,0,0,407.86011706782324,19.70150078125,0,608.3058711942786,3.9426517578125004,62.854919241536464,11.0340142578125,7.091490087890625,0,341.9176034520527,11.824211083984375,0,24.46498862304688,0,7.904363330078125,0,8.674433154296874,28.42610941904105,128.38605464154412,0.78895302734375,8.67895009765625,3.15122294921875,746.2007072797949,835.5532669213391,0.78746064453125,22.375989852558213,0.79136064453125,48.91291259765624,131.72617714843759,4.729414501953125,233.90275496955425,106.11209925302543,0,1.5763865234374999,13.42177294921875,4.7424305664062505,6.315155517578124,9.484291015624999,1.57759423828125,62.33206015625,308.20366953125,0,0,2.36846982421875,0,45.708543212890625,3.9451345703125,2.374080810546875,0,3.9473393066406253,9.485300488281249,60.65616771024816,0,77.38803864296108,34.74163032226563,30.768357568359374,371.40587420209096,0.789612646484375,7.09646240234375,3.9449489746093747,14.187639892578124,0,8.675628759765626,18.94421123046875,3.155037939453125,0.787999560546875,4.729203466796875,219.45554400428927,38.6371134765625,10.2425642578125,34.68107822265625,215.35540496495864,0,0,2.36601875,293.17709608992027,0,3.947855908203125,291.07104863281245,26.01530205078125
Tauranga City,2019-2020,hectares,0,0,5.859158773743872,8.690407411151961,0,0,6.3180677734375,0.789960888671875,2.3690166992187502,0,0,0.789678515625,0,0,0,0,0,0.7899796875,0,0,0.789960888671875,0,0,32.878130618106624,0,0,0.789960888671875,4.737958251953125,0,22.865998436351102,0,0,0.78979150390625,0.7899703125,0.789706787109375,0,0,0.789678515625,6.964286172640931,0,0.26935869025735293,0.7899703125,35.55641898686428,0,0,5.527382470703125,0.789989111328125,3.158582275390625,0,0,0.7899796875,8.177430003446691,0,0.789960888671875,2.966631128982843,0,2.369261376953125,0,0,5.526582080078125,3.323625894799326,0,0,18.952633105468752,0,4.739266503906251,0,0,0,0,0,5.52758955078125,0,0.78983857421875,7.8968416015625,0,42.30035899567248,0,0.789499609375,5.528088330078125,0,0,1.57953583984375,3.0524665554151347,1.5799500000000002,0,0.789735009765625,1.579178173828125,3.0228757220818014,0,0,0.6440377634803921,0,0,0,1.579121630859375,0,5.5278623535156255,8.6877439453125,6.078392522020527
Rotorua District,2019-2020,hectares,7.8220137695312495,0,0,198.33184795898438,61.46209269626991,2.355483056640625,80.89243037109375,32.95813598632813,322.1097417892157,0,182.13019750976565,0,1023.6329660236667,0,1957.8686913216131,6.268401904296875,151.2473859375,18.021075244140622,0,0.78530791015625,1157.6634185956646,10.2106095703125,38.334388769531245,227.12508392712158,0,549.6818192308135,3.14453759765625,9.400097119140625,0,229.4644938528263,10.962328466796873,0,2.3512279785156247,0.786475634765625,16.430762451171873,8.629623046875,0,10.183047753906251,415.4439727971813,4.72110947265625,9.397823730468751,0.781202490234375,192.888923263825,1824.1773854463481,0,86.14757573242186,0.783794091796875,70.17223965782016,144.26178378906246,10.2118955078125,736.9895264307601,105.9869664072074,0,0,110.45964410309438,1.57164169921875,4.698813671875,36.88038208007812,10.189322412109375,5.503792431640624,517.3449538844209,3.2626804647288603,0,14.09858291015625,0.7824666015625,135.02817988625918,7.824582861328125,0.783307470703125,0,7.828756591796875,2.470177541934743,104.31112473843446,0,134.19857002010568,13.335835742187498,94.128459280216,184.75853012350643,8.64520888671875,10.978010791015626,1.5712334472656249,166.2579662741268,7.0684650390625,27.422846093749996,7.853311328125001,3.129214794921875,3.1375365234375,19.039001463120407,245.51304853898588,25.890328613281245,76.06787031249999,666.3603453674558,366.8438776491652,81.84838066119025,0,0.78636181640625,261.80153881835935,0,3.916898876953125,135.4921286783854,9.401485986328124
Whakatane District,2019-2020,hectares,4.697676953125,0,0,210.28929342830838,73.75213749999999,0.78276298828125,94.9443716762408,89.42892915039064,39.157053759765624,1.57183173828125,703.8770334258197,1.5698384277343749,3194.736533796154,0.7872240234375,3829.5236919447016,3.1471722167968745,7.033590332031251,23.490495117187496,0,13.331120996093748,1680.4285684240963,7.081730078124999,9.391473095703125,1383.1427662360202,0.785345947265625,40.7511948694087,9.431052099609374,5.494697705078125,0,314.4396513375076,9.3949697265625,0,3.13226748046875,0,9.398490966796874,1.570815478515625,3.906232666015625,28.195442285156247,353.6654939682905,0,10.96905927734375,5.503881591796875,425.8290864204196,3797.730368703661,0,33.725376074218744,0,59.618704541015624,115.96143991287532,6.284037939453125,579.0100858178236,111.20131922066483,0,3.15307529296875,92.43790371093749,8.643132421875,10.98935673828125,43.082591552734385,8.6247533203125,25.387928566367954,979.9699915527341,0.786930517578125,0,8.6437681640625,2.35543994140625,189.47083129882805,3.9292544921875,0.78151884765625,0.785678515625,8.61629375,7.051905322265625,98.82065759650735,0,95.797592578125,29.755851660156246,65.74719077148437,785.7798879664517,18.045441052964154,20.406168505859377,9.41053271484375,54.13027499999999,3.9184275878906245,14.106609423828125,21.943411572265624,4.711140234375,5.497601416015625,14.73662322782629,1497.2762259765623,100.45855004882813,3.142584521484375,54.94614233398437,530.2307142202819,9.403619140625,0,1.5739083984375,184.64508227079506,1.572474853515625,16.529147314453123,255.99254404296875,50.152678808593755
Kawerau District,2019-2020,hectares,0,0,0,0.78583994140625,0,0,0,1.4916090571384804,0,0,0,0,0,0,0,0,0,0,0,0,0,0,0,0,0,0.2157259823069853,0,0,0,0.78558349609375,0,0,0,0,0,0,0,0,0.78602978515625,0,0.785602490234375,0,20.985665085592828,4.911393947993259,0,0.6966159870940564,0,0,0,0,0,0,0,0,1.4732667643229167,0,0,0,0,1.370929740157782,14.9277677734375,0,0,0,0,0,0,0,0,0,0,0.78609619140625,0,0,0,0,22.7660302332261,0,3.1430748046874997,0,0,0,0,0.785631005859375,0,1.571698828125,0,1.3495346622242645,2.3570259765625,0,0.786010791015625,0,0,0,0,0,0,0,0.6965781112132352,4.359748851102942
Ōpōtiki District,2019-2020,hectares,0,0,0,25.27615346679688,14.978537255859376,0,44.202008203125,15.7468037109375,2.37102998046875,0.791191748046875,11.02468466796875,2.3656548828124997,385.8706695253142,0,567.478844815219,12.652412695312501,0,1.57715419921875,0,0,122.64489594726561,0.786115185546875,0,37.85283334960937,0,0,0,0,0,63.81463653741575,0,0,3.945623583984375,0,0.79030888671875,0.78951845703125,0,4.721178369140625,83.55181831054688,0,11.854181884765623,0,33.056858203124996,40.929498095703124,0,3.1465090820312502,0,0,25.242772705078124,0,7.89182802734375,76.54466557617187,0,0,24.40109306640625,1.57898037109375,0,0.78984794921875,0,3.1493996582031247,112.46450341796871,0,0,2.35778564453125,0,17.313371240234375,0.789574951171875,0,0,4.74739453125,4.720578124999999,22.04133095703125,0,12.632095312499999,32.387609765625,3.9373220703125,92.25930696729472,0,0.7867220703125,0.789885595703125,1.57254345703125,0,6.289433203125,0,0.790318310546875,14.933085058593749,5.52079970703125,31.15426311772365,25.244034570312497,6.32950595703125,5.50525322265625,93.10709849092372,0.786504052734375,0,0,35.48660161132812,0,0,11.805391259765624,9.471686474609376
Gisborne District,2019-2020,hectares,7.05124736328125,1.5628650390624999,0.783736865234375,234.6010510253907,14.067216748046874,4.676145849609376,363.74495825195316,10.17213603515625,231.912787109375,5.5274401367187505,357.3228378417969,0.783975244140625,4262.244612773437,0,5112.931406681983,104.6788898925781,216.7181303710938,16.463839208984375,0,5.46648603515625,891.3055139826516,7.8627253417968745,14.925754150390624,4439.253969302236,0,328.1549349121094,3.8922426757812505,5.47285126953125,0,457.4629056922106,119.26801357421876,0,36.84786381835937,0,175.4448657226562,6.247142138671874,10.177189794921874,134.11388007812502,542.1573416503907,0,81.43541562499999,5.482178369140625,1524.3903021283322,758.3668172650507,0,125.82547490234374,0,148.13581518554687,360.2063216308594,8.582059228515625,818.1749062988279,244.85040480143226,0,0.789829150390625,99.34065336914063,6.266448876953126,27.365907226562502,161.7145915220971,10.964250390625,116.56837041015625,1287.0156551053155,7.047820312499999,0,37.6801375,2.347619775390625,71.54004619715073,17.266796630859375,3.90038037109375,3.8928918457031245,28.3139626953125,44.75238774414063,224.7940841308594,3.1302966796875,330.8020486328125,43.89694345703124,31.275807421875,2713.5592478864123,1.5604947753906249,3.128774267578125,4.676505712890625,23.435824999999998,0,11.759898193359374,45.70524579924938,14.881667626953124,4.693489208984375,3.93877421875,110.07223910213696,150.3436646484375,220.1171297363281,193.35835195312498,734.1919181870408,18.005316552734378,0,0,798.793062304687,2.340596240234375,10.954229833984376,284.17474824218755,22.774480126953126
Hastings District,2019-2020,hectares,49.225039062499995,0,0.767459130859375,277.1781666754748,0,0,240.181701244064,1.542999658203125,238.85668266601562,14.618485546875002,319.74783588867183,0,2023.3203696534172,0.76952607421875,2664.3883874942553,354.0990352539062,188.41682285156247,0,0,0.774228271484375,532.4696036621094,0.7699875,3.092344677734375,109216.44951647536,0,603.7063627983301,0.77312763671875,0,0,421.0848650325521,354.2228868196614,0,15.438355530598958,0,501.3333151686963,0.77348828125,61.576873730468755,144.02482631835937,304.66922791417727,0,231.3727976074219,0.7739265625,2663.0341943612125,108.91257871093751,0,51.71543940429688,0,152.8354165504366,116.44241020507815,0,290.9458373640472,146.97741425781248,0,0,157.45263862304685,2.30145009765625,39.2987826573989,28.512717626953126,11.569797851562502,414.8632868378523,301.24558023705583,8.4880669921875,0,15.372894970703124,0,29.355194482421872,35.28170678883272,0.768562548828125,0,66.11095415039063,119.78446153645834,51.66222041015625,0,347.6804095117188,134.87275115559893,517.8242974010034,11099.505949177961,0,0.7699875,0,25.398721435546875,0,1.536918408203125,16.210687353515624,0.768424755859375,0.773848681640625,6.9457639160156255,67.10973904813879,87.88407534179689,306.0165043085554,197.0551142375153,320.3626721103324,80.88235048828125,0,0,626.3449125965071,0,35.426489599609376,744.6870526704196,39.19079563323376
Napier City,2019-2020,hectares,0,0,0,1.54106337890625,0,0,0,0,3.8547609375,0,0,0,0,0,0,3.5064092792585786,0,0,0,0,0.77128115234375,0,0,197.9592345090378,0,36.13216488568474,0,0,0,0,0,0,0,0,4.621424951171875,0.7699875,0,0,0,0,0.770056201171875,0,54.65351335037533,0,0,0,0,3.083429638671875,10.015105029296876,0,6.167076708984375,0,0,0,0,0,0.771339892578125,0,0,0.771427978515625,2.310619775390625,0,0,0,0,0,0,0,0,0,0,0,0,21.74193614679075,0,0,35.98900815659467,0,0,0,0,0,0,0,0,0,0,0,0,1.466276082835478,0,0,2.3126391113281253,0,0,8.134274766007966,0,0,10.7987486328125,0
Central Hawke's Bay District,2019-2020,hectares,431.05501352539045,0,2.2937751953125,444.13571870117187,0,0,164.9367549762561,2.28489892578125,129.22611166992186,19.16347509765625,27.63010068359375,0.7650271484375,224.07584481732533,0,494.5199332226561,586.2973846679688,110.75438828125,0.7667583984375,0,0,20.6830703125,0,4.60070693359375,94123.40986811294,0,959.0446518066407,0,0.767133544921875,0,761.0177717340688,45.209412695312494,0,68.42823696940104,0,78.09717011718749,5.335841845703126,26.029682080078125,166.76506891467523,795.3539391433058,0.763349658203125,32.90421928710938,0,4664.2688720080805,6.879551806640626,0,137.65723320312497,0,100.96971479492188,56.913397603975184,0,208.04277949218755,143.75644108762253,0,0,89.70906235466452,1.5301828125,13.775796826171876,11.452907402343751,39.80702026367188,883.564930859375,148.568428817019,0.76549267578125,0,31.391433935546864,1.52554541015625,23.78028256835938,53.116248573069846,0,0.764878466796875,72.02949702148437,411.6474878339461,35.194753710937505,19.118832275390627,784.657430851716,326.0101805767463,756.3582022355627,6697.241282124313,0,0,3.8269185546874995,42.85353276367187,0,5.36553828125,5.361485498046875,0,0,0,5.278674000459559,111.05762690487133,468.08291113281246,217.31721728515626,166.90698966739436,490.19411469726566,0,0,315.1982323123468,0,232.10974487304685,1441.055775210823,126.40141743949145
Wairoa District,2019-2020,hectares,2.32662001953125,0,0.778143212890625,167.24865265050548,10.871925048828125,0,252.15827465820308,3.879367041015625,47.31506821289061,0,425.9472541992189,0,1093.0393694923782,0,1257.2652409179695,17.855031347656247,29.591749609374997,12.415024902343749,0,0.77670302734375,124.96301123046875,0.775753466796875,3.8793777343749998,1810.9869094395306,0,100.86809296875,3.8813831054687498,7.758488623046874,0,235.35439223096665,65.92156259765625,0,3.878689599609375,0,135.0009746582031,3.10527998046875,2.3285982421875002,82.18403281249999,217.13394445963547,0.77462705078125,22.504101464843753,13.19770888671875,340.5028241392846,236.73521113281248,0,66.75277548828124,0.7763447265625,11.639872802734377,195.58392709960938,1.552892431640625,213.62754165039058,114.83030410156248,0,0.7761994140625,193.1936453308825,5.430019873046875,20.196091031709564,53.570725292968746,25.606423828125003,69.81404428710937,424.30606245117184,0,0,3.1004904296874995,0,34.15491762695312,1.5499634765625,0,0,1.551613525390625,17.086092333984375,141.25013452148437,2.332243603515625,226.02514515816478,13.195450927734376,8.533651416015624,1803.4720192174107,0,0.77724482421875,4.6643423828124995,18.60678388671875,0,6.9818193847656245,55.07068681640623,11.647070703125,4.65355068359375,0,31.0457685546875,45.00140166015624,27.194877734374998,101.67696357421876,500.56063711990623,2.32484326171875,0,0,469.43952333984396,0,5.43521279296875,163.77059423828123,3.1059548828125
Tasman District,2019-2020,hectares,4.534256689453125,0.7416296875,0.749510009765625,95.23765922851561,267.1965211425781,45.11104282226563,567.3323315429687,546.6412266601561,129.22473728917737,0,197.5472510742187,0,2557.775245214842,0,3754.2193431640612,2.2563874999999998,205.72956328124997,8.946970166015625,12.822717724609376,2.98963037109375,115.37624331054687,11.268475585937502,0,131.99921142578125,2.996964501953125,255.5235969726563,0.75065146484375,0.75111962890625,0,268.1863835937503,0,0,2.23696357421875,57.76679619140625,0.748468359375,16.51235625,3.7431373046874996,7.471710546875,616.7852876464843,32.19164843749999,0,16.493786035156248,224.86377163085936,563.9123385253906,9.00279169921875,16.4937724609375,7.509422705078125,14.929619140624999,401.40993359375005,29.88043471679687,215.93368198242186,197.79006953124997,0,0.752856396484375,11.244952783203125,1.49776435546875,17.262475830078127,40.4519013671875,200.22039159945618,48.02694086914063,297.01532001953115,0,0.745311279296875,0,18.776639062500003,10.44853125,0,6.006238427734375,10.499392285156251,0,38.167019335937496,129.46309833984375,22.52897509765625,151.4940772460937,30.78601674804687,90.36462729262409,308.93685390625006,0,105.69420541992186,12.017627832031252,173.89830390625,32.094667919921875,10.460810107421876,67.40874038085937,3.00491923828125,15.701250830078125,0,97.47199741210937,143.32849077148438,334.8620407226562,182.3435085449219,836.0244462402345,20.971218945312497,0,6.000090332031251,364.0318595214845,1.501791357421875,95.29279301757813,672.1235698611741,38.21083486328125
Nelson City,2019-2020,hectares,0,0,0,0,21.802375683593752,6.774216552734376,29.283395996093752,46.14932356407016,0.750315380859375,0,3.75762138671875,0,295.0084770944393,0,231.32343060757523,0,0,0.750182958984375,0,0,0,0,0,30.056802197265625,0,0,0,0,0,14.092141490119484,0,0,0,0,0,0,0,0,47.348964208984384,0,0,0.75017275390625,3.003091259765625,11.280665771484376,0,0.750844873046875,1.5008038574218752,0,5.261914404296876,0,8.26514140625,0,0,0,0.751719482421875,0,0,3.75573017578125,3.756012158203125,0,21.0111685546875,0,0,0,0,0,0,0.751333203125,0,0,0.7515466796875,4.508009033203125,0,0,0,0,26.28140634765625,0,0.750529296875,1.5023404296875,0,0,0,5.2589194824218755,0.75011162109375,0,0,2.250823583984375,10.523065722656249,0,0.614780639552696,67.58917707031249,0,0,0,8.266523779296875,1.500946533203125,0,2.2544468749999997,0.7519734375
Marlborough District,2019-2020,hectares,8.971440283203126,4.490084423828125,0,30.645879638671875,141.4574137207031,26.953685351562502,1227.4699361954274,469.64524165039046,39.26375760091146,0,162.59520449218752,0,1554.2222543945313,0,2096.0984216965385,2.9860294921875004,8.252605566406249,17.988520410156248,3.7345422363281253,30.03712133789063,175.6867263183594,8.25444189453125,0.74576337890625,2048.7571076441855,0,97.08642197265627,1.502544287109375,2.244347216796875,0,300.6644106933593,0.746020068359375,0,11.211097509765624,74.83888364257812,5.232867626953125,2.98407685546875,0,40.33508266601562,616.7558694414444,29.1991251953125,1.49312783203125,17.19165288085937,482.06979715130996,486.88998242187495,1.497124462890625,15.698799560546872,2.258023779296875,5.969663037109375,533.5739881835937,4.50039287109375,146.53547456054682,489.29959326171854,0,0,15.676680908203124,5.236680419921875,6.7172146484374995,31.396344775390624,47.08715371093751,617.9660428710937,281.921167578125,0.74763984375,0,1.49117744140625,6.718913525390625,20.972390576171875,0,0,1.5154040039062502,5.2232419921875,109.65915937499999,284.1282542480469,6.71982294921875,320.39488198242185,83.63467626953125,49.26311168045343,2504.426990763442,0,10.4685572265625,8.97568310546875,283.4344594238281,2.997625537109375,54.590172705078125,20.279656689453127,4.501084033203124,17.2558861328125,0,38.870396484375,73.94220717773437,163.68303140261185,55.32749926757812,502.8117239073989,20.983950537109372,0.74793662109375,4.496902734375,579.2673552734375,0,0.7475169921875,178.85642291992187,190.15415908203127
Kaikoura District,2019-2020,hectares,0,0,0,18.47288540039062,2.95286337890625,2.220797705078125,31.106290722656254,134.5580568359375,14.806588623046874,0,1.1975310688572303,0,10.328827929687499,0,21.02193481751685,0,25.881992138671876,0,0,2.228237890625,10.335303320312498,0,0,2500.8573385567934,0,78.31466162109373,0,34.08234682617188,0,612.6151030683213,0,0,0,2.218907177734375,0,10.371986669921874,0,58.26429394492953,100.75752378887103,1.47572392578125,0.740583837890625,0,1496.5217717505363,1.47614033203125,0,10.368196923828124,0.742797607421875,1.480984130859375,8.136998388671875,0,27.402009814453127,20.76755029296875,0,0,26.589631054687498,0,2.2196197265625,0,1.47735732421875,14.800733837890625,82.0475416607307,0,0,0,0,2.97105615234375,0,0,0,1.48419013671875,39.96580239257813,75.44356096603094,5.1879054687499995,36.27736176757812,4.442239306640626,86.44681665039062,1522.905849874961,0,0.74145380859375,2.2239370605468753,2.218096630859375,0,0.742239794921875,3.699827587890625,0,2.96463505859375,0,0,76.40746238472732,60.40559103266696,21.426258984374996,4.427379833984375,9.607624755859375,0,0.7409671875,19.239599658203126,0,18.522563867187504,156.78404135742184,43.7057595703125
Far North District,2019-2020,hectares,28.68152739257813,0,11.48183388671875,125.84026594841454,125.33833513231465,1.632755517578125,497.9069470745253,46.43213525390625,62.790033789062505,0,871.3176994140624,0.812479931640625,2091.570110107423,0,3601.359601936658,58.81035815429688,21.2383716796875,8.161471484375001,0,2.442522021484375,270.23627036132814,26.882222753906248,1.64023486328125,1916.7452799153646,0,26.08181782226563,9.77928173828125,4.06810556640625,0,1323.9426238281246,69.62084062500001,0,2.45439638671875,6.5406551269531255,302.3459199458103,104.86608950195314,1.630573974609375,66.95161274414062,503.97384868164056,0,48.113986132812485,3.2607178710937497,8442.393069977781,1227.5016104589852,0,242.69191279507504,1.6265754394531249,170.34878359375003,223.12674604492184,2.4426873046875,168.36810327148436,271.3821111328125,0,0,349.6091464811197,4.075689160156251,17.908837841796874,56.41055092773437,17.078707666015625,37.49083569335937,1812.6355746266088,6.5486625488281245,0,6.514067138671875,0.811658447265625,109.23002089843749,8.16870498046875,6.527145410156249,2.45481904296875,22.87740522460938,79.21483032226563,504.1132563235294,0.81756650390625,225.51278886718742,39.124460742187495,78.46182392578123,2601.4012524490645,6.53618984375,32.5869193359375,45.60229111328125,125.58240434570313,0,4.885629541015625,121.49463603515625,8.133193603515624,0,7.338093603515626,206.74485393669576,130.4893021484375,3.2590449218749997,51.49819282226562,589.7566142578123,2.443746826171875,0,0,259.30195576171866,0,17.927533984375003,1318.1542558105468,32.65616977539062
Whangarei District,2019-2020,hectares,0.8109427734375,0,0,78.62182338867187,133.83662521369484,0.811837158203125,442.3264671386719,1.6219392578125,61.57697094726563,1.62266416015625,56.686402929687496,1.616257958984375,715.1081487304685,0,898.324830818781,59.93868559570313,9.7241501953125,8.90488408203125,0,1.6172312500000001,126.51296954637712,21.055470458984374,4.0501757324218755,490.5913466421567,0,39.71416416015625,2.431251708984375,4.8578267578125,0,325.5512041704963,8.107187402343751,0,1.62136552734375,0,35.87809401826747,3.2439408691406255,0.808958984375,38.87984711914062,80.68678468405332,0,38.90613686523438,0.808724951171875,1926.4499965852863,235.668702662186,0,90.29639959635418,0,327.4352056640625,184.72202216796876,0,54.29746381835938,355.48945615406706,0,0,108.43111576229326,0.809147900390625,3.2408806640625,35.67798994140625,13.776002246093748,52.67369638671875,625.011041241383,0.03166058708639706,0,6.472832226562501,1.61960263671875,23.488637890625,1.617854931640625,1.617640673828125,0,0.809435595703125,3.241385986328125,164.3883916021369,0,212.6321348841529,58.55950477998621,4.854367724609375,442.11252346373305,0,1.6217959472656251,4.862948095703125,62.376090478515614,0,1.61565595703125,75.21036742608763,4.052398974609375,0,3.2402209472656254,28.41334251436121,18.653892626953127,0,3.2371637695312496,262.6719369019992,3.2456494140625,1.61985869140625,0,166.2200407226562,0,2.434205029296875,1455.7166546264177,131.36739101562497
Kaipara District,2019-2020,hectares,12.929643994140626,1.61391259765625,0,73.31499896599264,254.84249965571382,1.612893994140625,290.60094558842684,12.008878832720589,60.68309349360448,5.653111962890625,95.60987176011027,2.419881689453125,1917.8807527843537,0.80788671875,1726.436770080042,13.728892089843752,6.45543896484375,18.544226123046872,0,4.844842626953125,271.3535726899509,0.8075166015625,10.496001953124999,1655.4154789661845,0.80654013671875,106.32349926757817,3.2341043945312498,1.616016748046875,0,422.4159183894379,5.255813774318321,2.414904052734375,8.303982316750918,4.020451171875,39.417133569623154,18.65469402956495,0,63.05947602539064,205.12402476753985,0,14.55421962890625,3.22043837890625,5457.677874952511,356.792206970933,0.810297509765625,252.02931593998926,0.80970517578125,98.48746044921876,57.249743603515626,3.2413515625000002,392.6161268066406,233.5251071798407,0,0,137.60720518075976,2.423857763671875,9.568576722005208,8.868758837890624,2.4251166015625,42.06134208984375,836.9085816934737,8.978402631740197,0,79.9884599609375,0.807895703125,105.04978276137409,10.4961806640625,1.6171330078125,1.61227548828125,8.071498388671875,25.022615966796874,336.6552070973115,1.6156199707031251,192.2056689223346,34.21341707835478,84.48680654067098,1186.758123856273,1.614936279296875,6.4525216796875,4.842551513671875,71.78880009765625,0.809732080078125,18.559295458984376,43.74423938782935,1.6130439453125,1.6165325195312499,18.581133251953126,40.425038378906244,28.232640576171875,4.03428037109375,22.690877536190257,353.04320358436735,7.2470220214843755,10.481739746093751,0.804943798828125,163.850281741728,3.230117236328125,6.462723535156251,1291.6478199270446,63.77351157341453
Auckland,2019-2020,hectares,14.327938818359371,0.7954220703125,4.791855712890625,106.05025052849264,195.65749262695346,2.3866935546875,340.4958006347656,34.470131494140624,39.09349482421875,0,182.69297319335936,0.799943017578125,977.2777726562498,0,1743.9547975691253,27.956366992187498,37.53303139648438,15.153440478515627,0,3.197418603515625,94.39900551757812,9.58927001953125,0.80175087890625,2194.185228145682,0.796702734375,35.08416108398437,1.60394658203125,1.59116005859375,0,900.6075797851564,1.5956982421875,0,10.382979003906248,0.7954220703125,24.782055566406253,8.797707568359375,0,51.93058183593749,405.8763009277343,0,3.196078369140625,3.9948775390624998,3907.060297696462,111.18044023437494,0,390.4230769042968,0.8027935546875,105.48402226562501,54.2673419921875,0.79567294921875,59.72161157226561,202.3199546875,0,0.805452392578125,157.35611567382816,14.353308642578124,15.998700927734378,12.856273583984375,19.1551220703125,69.56628691406249,375.6221788574219,2.409996484375,0,26.372602783203124,0.795496435546875,23.251119482421878,40.70217124023438,5.601108789062501,0,9.58258466796875,99.01871137695312,265.8378349121094,7.169878466796875,230.13104780273437,93.46505898437499,28.062348583984374,1404.3489294921878,4.7767232421875,11.1917109375,21.551097998046878,49.501720703125,0.795496435546875,44.6642400390625,105.868321484375,2.402856396484375,5.593796044921875,3.9963042968749996,24.835627343749998,100.01255209960938,11.93816708984375,83.02591772460936,301.26260535500927,12.76277373046875,0,0.80162265625,220.60490092773446,2.408565966796875,58.17088818359374,1286.6134039539288,68.88235512695313
Waitaki District,2019-2020,hectares,141.32823014763326,45.87896542968751,0,92.50508579101562,6.330919384765625,100.33016149682138,155.08274788660387,419.8086725773591,1927.6718374569166,0.701103466796875,151.5915877929687,0.7036037109375,582.7990904507515,0,572.4164639160157,2.803320849609375,1072.359636962891,139.79879362764248,5.689632373046875,9.362148696001839,73.98264012522976,38.320700507429535,10.595039013671874,101.71692930664064,0,1866.1487774915752,0,160.37368266601564,0.71395673828125,493.12458205556834,1.41161982421875,2.108337841796875,31.030411376953122,21.378898046874998,0,2.8228670410156247,0,69.69691996285233,886.9025520281863,162.25778262293198,4.950435986328125,29.65797109375,322.8251882841222,38.04342094726562,23.493512402343747,0,2.1154090332031252,267.3310681474034,1034.6852215745637,51.16929983130361,1121.8253077650124,423.37847561944704,14.23643896484375,0,14.123212744140623,14.780132617187498,18.279023681640624,56.86850336914063,30.591207666015627,63.73137875976562,1856.4934341412,2.8253508789062503,0,39.76159072552849,22.8087458984375,980.4646454082414,0.707856005859375,2.1109066894531248,0,6.073026461397059,10.573712597656248,8693.473197249728,12.709754833984373,555.7878567503445,168.58344907226567,418.64271346296715,79.24167808344824,0,16.990088330078127,0,581.4955792551317,4.958305957031251,124.53350258789062,14.855268505859373,12.64594541015625,14.268611376953123,16.244941943359375,0.70863125,39.61557524414062,894.5480101378675,2076.843022225031,1665.0709475476797,259.3042447753906,0,1.41719697265625,1951.1051796685433,0.704855859375,73.06471333007815,2587.770889136604,66.34393836454504
Central Otago District,2019-2020,hectares,26.813349121093747,65.31450751953125,1.4064452636718752,94.44891494140626,32.48191215820312,112.69894178193934,718.5050178567325,610.8880455623854,1350.6657600806152,0,11.959687109374999,16.960039404296875,69.80850566406254,0,148.34844526367186,3.5191174804687497,978.4670561368335,159.45110419921875,0.70559072265625,1.41631279296875,26.09176450195313,18.32835322265625,1.4113673828125,251.3566807617188,2.114863916015625,1972.64119428711,0.699291455078125,111.2072095703125,8.418298632812501,232.17856811523444,0,0.70668603515625,46.48624086914062,71.90585468750001,0.699733837890625,1.412123828125,9.855298974609374,12.721285400390624,2002.104666731962,205.81925805664068,3.5211767578125,19.684339501953126,368.4834211914062,2.1180339843750002,49.31091577148436,20.467245458984372,0.70473515625,237.2474510742187,1374.7488253417966,85.94759311523438,688.1187931152344,747.2392499011945,7.039476416015623,0,21.836856835937503,7.75549970703125,9.173561474609375,64.25361674804688,80.97272314453126,735.4719954101561,2401.699872952092,0,0,21.83193388671875,95.20936303710938,539.4167443359372,2.124034423828125,0,0.700551513671875,0,20.459699169921873,1669.4969029658776,90.97405922851563,959.9634211048558,76.21443120117186,870.1458264160158,101.59605375976561,0,26.085416210937495,0.704965625,644.2666460449219,72.67164169921875,169.9410078125,8.464521191406249,2.8108114746093746,64.89569506835937,7.770972753906251,2.8169134765625,46.53620678710937,2691.067667513978,1017.049582401769,2339.875505676892,212.4597635253905,0.70863125,7.748282568359374,1811.9103768451284,0,99.5213365234375,2246.9670320312507,192.04219755859378
Queenstown-Lakes District,2019-2020,hectares,9.249651904296876,7.811996044921874,0,6.404514550781251,0,19.879754052734377,110.12115836971508,55.481987402343755,258.85272470703126,0,8.502027392578125,1.4225865234375,64.58062939453126,0,24.774886279296872,1.42369599609375,370.20016169194236,179.30666982421874,6.3850638671875,0,7.1289996093750005,0.70644521484375,7.131180224609375,7.813965966796874,1.41922529296875,272.88086533203125,0,11.349111376953125,9.951472021484374,138.97182124023436,0.71578349609375,0.711701416015625,19.93309423828125,27.733106640625,2.147289697265625,0,0,13.498227099609375,341.13333193359375,86.65766660156252,7.7657683593749995,0,17.7690828125,0,14.21398125,0.713469482421875,1.419018212890625,64.00169814453126,743.9711425781256,7.80580458984375,217.29400317382812,248.7741190017999,0,0.709612646484375,1.427084619140625,2.127726220703125,0,49.74826538085937,30.522273486328125,47.56553417968749,270.96015063476557,0.706850146484375,0,0.710538134765625,11.368334033203123,101.80822729492188,0.711081982421875,0,0,9.959397314453126,113.95493154296872,310.8229579589844,4.9733966796875,309.66856483264394,42.01888828125,119.45184384765629,69.17540527343748,0,10.62956669921875,0.70759375,296.45194296875,62.44572675781251,109.00681181640628,3.563580810546875,1.41454248046875,9.225822802734376,2.118316748046875,1.41830966796875,4.9774317382812505,418.16544809570314,247.3964765625001,452.3402929199219,29.857392041015633,0.715589208984375,2.1353083984375,422.87145566406264,0,44.7959443359375,128.6105720703125,12.084318798828125
Dunedin City,2019-2020,hectares,7.71555751953125,29.404363790211395,0.69931357421875,6.969861181640625,56.49002204216451,112.50880717773438,94.38656840877756,483.70017195465664,1331.5718275878905,0,133.25167255859373,0,626.0348396836698,0,477.5089879800476,0,954.8197432128906,75.63362841796875,0,2.797132568359375,125.34131700731464,16.070997412109374,0.699291455078125,20.527799121093743,0,482.43673106617643,2.7916950195312498,134.17115517578134,0,242.73133763825058,0,0,20.9773498046875,27.864733984375,0,2.79873623046875,0,9.094436767578125,1111.7885061132815,51.59960517578125,0.70134619140625,32.07256323242188,106.6177381973805,95.36407597656246,18.124288671875,1.39797109375,0.6481353458180147,116.02939284045652,482.6501094818473,21.62762661132812,757.8166687844666,274.4920079003906,21.67289995117188,0.697763037109375,18.18492836914063,13.254925927734373,2.8018630371093747,2.79824990234375,40.419206396484384,41.30394633789062,802.751884438764,0,0,1.3973654296875,11.901215722656248,337.85654183095886,1.396134326171875,0,0,0,16.8001197265625,1359.3268979465388,2.0988015625,224.1919475097656,27.252218164062494,156.04501323242192,90.56185582548252,0,11.903201953125,0,391.39160449218747,13.275443261718749,44.68810532226563,10.4701001953125,5.604796533203124,5.593340576171875,0.69919189453125,1.39046083984375,22.345146679687495,1701.8619184752215,506.9762493652344,1097.5744772960716,32.11584536132813,0,4.199793115234375,542.9658262103632,0,2.7947091796874997,1614.3088207810588,28.681781347656255
Clutha District,2019-2020,hectares,81.32322600911458,118.15618476485909,2.086714306640625,125.05787908375461,235.87283784179692,199.62828149414065,561.1849138415286,704.7985334702436,1870.0380377100566,2.783680126953125,205.03684702148433,0.691660546875,1832.199457380132,0,2410.1377668457026,27.12872875976563,7380.867450343329,58.310590478515635,4.8487201171875,2.782394140625,83.46939630916819,70.70631254882812,6.914541943359374,305.28287109375003,0,1286.8747997736675,0.693325,322.65013087775725,0,450.13884501953123,6.912096679687501,2.780553369140625,63.32414941406249,58.32696113281249,0,20.793904248046875,0,9.718031542968749,3986.7589829007734,218.37775263671875,20.797196240234374,170.10865629882815,140.56293779296874,190.7670773925782,245.4846866699218,3.4617181640625003,1.393739794921875,459.26602543026195,719.6393425348501,155.36697890624998,1563.0249707621017,478.93815040268834,2.772057861328125,2.7733892578125,7.60870068359375,20.13937534179687,5.539129736328125,52.89769526367189,879.5024148437503,8.369008349609377,1672.066105029679,0,0,11.836879931640626,56.17969545898436,408.2581936184513,16.712812451171878,0,1.39337333984375,11.831452001953124,8.29022314453125,295.3072838867187,10.40746650390625,539.1193824325982,243.37474633789066,656.0200225585937,38.17514721679687,8.298287988281249,16.65079736328125,1.388304736328125,487.82166210937504,30.592973388671872,255.68296941980697,14.539394140625,3.4708541992187505,79.7821632324219,3.4690933593749995,4.8616631347656245,65.1891597167969,7261.072962657588,1103.9763584838386,3057.8223291800705,868.4263362792952,1.38838955078125,9.018125830078125,1278.3537755577895,0,26.808228653492648,1462.2670005727255,52.000253662109394
Southland District,2019-2020,hectares,316.8969178303079,83.34752509535845,0,316.720785498047,161.26981391601564,109.23636298828123,653.8987845703124,903.5638254848342,5257.909027849267,4.13675087890625,194.91625464307603,7.657819873046874,1657.8401994967833,0.68865693359375,2328.095324204006,72.11992729492185,13612.120623513321,253.03925732421865,7.664662939453125,6.97456484375,373.92727729492185,69.52330571289062,14.513148828125,272.2802193045342,2.776284375,3564.620125545727,12.476084814453126,170.54787470703124,1.390305078125,2109.1745699161306,14.448609033203125,3.477653271484375,58.14872275390624,99.87412919921874,1.39158798828125,29.11759477539063,4.157496875,67.67488813476564,10409.31750856656,114.4695329589844,30.38287963867188,164.6218432617187,272.0797098632812,453.0199783203126,39.7918595703125,4.88832734375,17.460941455078128,845.6312197753905,1678.7588563566555,94.76531118164061,3963.3992676526123,1486.8719487792966,0,4.873645458984376,31.354638623046878,82.46307875976562,4.174314306640625,79.45875356445312,570.9033004001993,29.107733496093754,2421.5413902223104,5.527687353515625,2.0942643554687503,66.36051459960937,19.531113818359376,2004.6425698366652,12.480632275390626,1.38929912109375,1.389692529296875,131.85432260742186,28.997401416015624,934.1441875982307,27.146236718749996,747.2772087402346,806.9211559101177,2128.8554442564723,260.0155964843749,574.9767064453126,31.37732275390625,6.633142799479167,1510.6042168945314,46.791175732421884,451.33939201267617,73.97390830078126,18.078750146484374,138.38248359374998,35.29588442382812,11.126580273437499,137.78157658835016,17164.207487565873,2241.922564228516,3036.6862597436057,1706.6502184570313,5.508318701171875,9.037964208984375,3629.938240174059,0.6997669921875,189.9317455566406,1900.1839642610673,181.21924916992185
Gore District,2019-2020,hectares,24.3253392578125,24.3307638671875,0,68.16102567612593,9.019159033203124,9.019687255859376,70.80974280445771,54.84970288085937,665.8943595697381,0,13.78073485581342,0.69148154296875,49.077481196959255,0,79.07894130859376,5.553966796875001,2331.4130087222347,14.52468519186581,0,0,12.487639111328129,6.257839550781249,0.692845068359375,22.197675927734377,0,380.30687476447605,0.696664453125,85.52745288085936,0,174.80366432483143,0,0,12.505197705078125,0,2.7749174804687504,4.860472412109376,0,0,1207.4433943028114,7.63837822265625,4.15502490234375,21.536281494140624,63.787848925781255,28.446858935546874,20.0947283203125,2.07978408203125,0,158.49754168562347,134.57972870308672,12.500253320312499,577.0662278645833,135.70376641065414,0,0.694529052734375,5.265563583984376,0.6919736328125,0,4.8634822265625,108.95240770641851,2.078981494140625,242.67533566578587,0,0,9.03365390625,2.0797271972656253,127.93168286439185,3.4713957031250002,0,0,4.8511222656249995,6.93695146484375,85.68018064950981,6.939650732421875,213.70508442478553,129.25079360351563,273.36949038085936,22.92297265625,0,4.046150890395221,0,103.48443002929687,0,63.87634750976564,2.7709197753906247,2.7740205566406253,0.6951525390625,0,0,45.134854296875005,2259.3084201459087,275.6331762402344,582.5302228297336,127.84698678806676,0,6.2438791015625,520.6162605283013,0,21.520741894531252,257.80525124961696,14.595216748046873
Invercargill City,2019-2020,hectares,0,2.753010107421875,0,6.207931689453126,0,2.0646339355468752,1.38067919921875,1.3769657226562502,134.05577613396142,0,10.333353906249998,0,64.30366537856159,0,11.711163720703127,0,150.93231630897665,0.6885333984375,0,0,5.5082092773437505,0,0,3.4494115234375,0,6.296801089154412,0,0,0,63.91919882716758,5.51192685546875,0.688960107421875,12.40058232421875,1.3763814453125,0,0,0,25.449837841796874,171.57342611538752,1.37640390625,0,0,2.0694832031250003,11.708425683593752,0,0,0,37.790774167241125,22.036053027343748,0,54.14811087488513,20.65550126953125,0,0,0,2.066857080078125,0,0,2.7547938964843754,0.688387353515625,71.30738018784466,0,0,16.532766259765623,0,135.69480522460938,4.826860009765625,0,0,11.71100224609375,0.688319970703125,41.99210615234375,0,9.639410498046875,45.565276978592216,11.713023095703125,4.140154736328125,0,0,0,74.98046423502603,0,46.883748046875,0,0,0,3.442609326171875,0,4.828296533203125,144.0783360351562,31.718579296875006,32.41127729492187,1.3774037109375,0.68858955078125,0,103.67477349111522,0,0.68944267578125,29.627335449218748,1.3771229003906251
New Plymouth District,2019-2020,hectares,13.169271289062502,1.551380810546875,1.546391796875,11.630056494140625,6.19592734375,4.654014697265625,142.31906724398738,26.595530069699755,5.42434853515625,0,1.6061658432904413,0,192.3593703613281,0,209.3514787597656,0,6.981293896484376,0.77529736328125,0,0,0,4.6481592773437495,0,73.92130878408395,0.775307080078125,11.696439467486215,0,3.1013705078125,0,97.36219843462776,0,0,0,0.775704931640625,0,20.08538194010417,0,0.776257568359375,58.90912636718749,3.8797466796875,2.328549365234375,0.774695068359375,32.56958857421875,0.77449091796875,0,48.47706123468138,1.552485595703125,6.207501855468751,84.53086665039065,0,17.064528466796876,84.52269921874999,0,0,22.019532628102024,0.773546728515625,6.201037744140626,0.774636767578125,38.768547883731614,5.4288178710937505,17.635215962775742,0,0.77479228515625,0,0,0,0.775452685546875,0,6.97173046875,0,6.213737207031251,26.258226255170033,4.650054736328125,149.6674903808594,3.0978449707031253,8.230822158969056,62.813688818359374,0,51.153272755821064,24.033580761718753,85.78257853573069,0,2.325444921875,17.070341552734376,0.775423583984375,0,0,0,25.58516245117188,15.5029462890625,69.49131207835477,75.7367596516927,0,0,0,92.24550566406248,0,13.95104124138327,182.14267138671872,1.5477460449218752
Stratford District,2019-2020,hectares,33.20418857421875,0,0,10.816243164062499,0,2.316532275390625,77.71409839996936,23.976260742187502,9.265846142578125,0,6.18920048828125,0,201.98348066406248,0,386.1571834472653,1.0629218531709559,15.442832958984376,0.7739265625,0,0,4.641855322265625,0.77274716796875,0,18.579747070312497,0,8.495490624999999,0,0,0,45.78028876953126,0,0,0.77168232421875,0,0,6.950163623046874,0,1.5513613769531251,84.7941585435815,0,0,0,23.95596694335938,6.185994238281251,0,54.0750982421875,0,13.80512459999234,13.905385107421873,0,13.14847099609375,46.335680615234374,0,0,19.339120019531247,0.77273740234375,6.636550389859068,1.547862744140625,27.797671142578125,3.0962138671875,17.028677148437502,0,0,0,0.772004931640625,2.3197419921874998,5.40983349609375,0,0,0,20.96299282226562,18.580287060546873,2.317498974609375,35.39866443474265,4.637754345703125,4.631980029296875,91.97921840935203,3.09067578125,23.17092373046875,10.049957470703125,53.2930498046875,0,5.41100546875,3.094508203125,0.772239453125,0,0,2.320844873046875,30.923186865234374,23.948930566406254,102.82162965494793,107.4262311035156,0,0,0,96.75204835860907,0,18.54358408203125,149.07640481962315,1.9142479610906862
South Taranaki District,2019-2020,hectares,93.28374453124998,2.304862451171875,0,29.2633068359375,0,20.086407225413602,344.0272949283854,40.55321580403645,102.2205382324219,0.767538037109375,25.358756054687497,0,180.8189177246094,0,304.4054896382888,8.451733642578125,56.11364497070313,11.559009228515626,0,1.5380448242187499,6.144648681640625,9.261538671875,0,46.89747944163603,0,200.19747905273434,0,8.465129052734374,0.77075234375,244.47399415460328,2.304052392578125,0,4.62100673828125,1.54130869140625,2.31067685546875,52.42017729492188,0,11.527943750000002,420.36643159313724,0,5.37907978515625,2.3147437011718752,180.79838808593752,3.84235,3.08326328125,130.25789389648438,0,78.51943702110141,148.25985510244334,1.537946630859375,94.85035205078125,244.2917809945619,0,0,30.02882998046875,3.8508180664062497,26.938186230468748,1.538527197265625,57.48592235064339,23.065010986328126,76.93565903320314,0,0,0,3.081840234375,8.458362597656249,3.8428619140625004,0,1.5376500000000002,8.44674365234375,13.836249169921873,24.60888403320313,36.94961513671875,330.8898435581341,29.96746225585938,43.932113085937495,139.7636964908854,2.3111786621093753,69.6268066027114,10.78323349609375,435.530909034735,0.76976171875,2.314868798828125,14.370991579159005,10.79751845703125,0,1.5348689453125,1.536166845703125,101.55545310451134,123.9506141639859,594.6204713704427,160.69938423789827,36.1900037109375,0,2.31079541015625,403.079373577857,1.5402655761718749,74.72119404296875,866.3490510598575,45.27592551393995
Whanganui District,2019-2020,hectares,16.843152783203124,0,0,145.09307410998778,9.97038427734375,4.5997773437500005,228.99497535309445,9.970102734375,42.93134423828125,0,58.874329776731,0,851.8555928896678,0,999.439388561965,0.765453076171875,62.2571632324219,0,0,0,73.0008352539063,6.1408590332031245,0,253.13549295936727,0.767350634765625,192.86144814261638,0,0,0,112.01106812117034,8.420722021484373,0,0.768277099609375,0,18.447279541015625,8.425997998046874,6.9075168457031255,9.192239550781249,305.90915882084863,4.591973681640625,3.07299716796875,3.06693486328125,152.648595541322,88.20971093749998,1.530163232421875,85.38728534581801,0,37.58161669921874,156.4958538066789,0.7668275390625,113.60699780273441,50.29262409869026,0,0,97.50003481445309,1.53392158203125,40.70945122070313,4.607282177734375,51.395972265625,49.965240704848334,534.5083971158846,0.76529462890625,0,0,1.5315990234375,9.975775195312501,0,1.5351154785156251,0,4.596173974609375,20.689666308593747,46.74887099609376,9.19650322265625,292.4464815314798,32.210622021484376,48.281837890625006,345.9159069169347,0,33.03722630572151,6.136047656250001,51.40949626129749,0,0,20.72952294921875,1.53765634765625,0,0,7.670178369140626,133.52609418121938,103.24271060355393,198.51841446327356,233.43413484489884,18.397058593749996,0,0,244.831514453125,0,28.66805402018229,155.53599913947613,13.800300732421874
Rangitikei District,2019-2020,hectares,104.60751128561583,0.7634689453125,0.765373876953125,490.55320412626384,13.008030517578126,13.004731005859375,119.42690751953127,15.293334326171875,248.571237355239,0,126.09003828125003,0,483.9890124023438,0,474.9480729501761,32.121167333984374,981.532164349341,9.927841748046875,0,0,22.208862695312504,3.057797802734375,0,1376.7873205853627,1.5408578125,703.8495019215304,0,6.115280859375,0,624.7103220969284,0,0,0,7.639348388671875,57.61786176757812,32.13474057617188,7.66323056640625,49.81423141697304,1683.795073681066,7.669510058593749,0.76939833984375,2.297069140625,1061.6732601357617,8.403715820312499,7.684977099609375,101.91116694048712,0,270.8366012936582,124.94166038028493,2.3072908203125,66.66059765625,219.64723476409318,2.29345537109375,0,641.7053524605545,12.590858228017769,66.64554975585938,0,91.97036640625001,91.24607866210941,318.82568665747556,0,0,2.695954174517463,6.892670166015625,24.637779492187498,0.764600830078125,0.765215380859375,2.2933262695312497,3.820165185546875,31.313478210209865,85.81939985351562,13.020108349609375,670.7397285483684,52.22155419921876,330.7135773810892,709.2358559319468,0.765690673828125,89.42814952282477,3.8239810546874997,203.25459013576133,0.76450166015625,4.606120122357537,31.49227412109375,7.651930175781249,0.764491748046875,0.771379052734375,6.871050146484374,130.292734620481,1594.4060173929606,449.3355984277343,322.92950859375003,187.6728974574908,0,3.055524853515625,385.4712507324219,0,108.68626751302085,1539.7674932006353,26.001892578125
Manawatu District,2019-2020,hectares,141.99899262695314,1.5253048828125,0,693.5674013354015,10.67350888671875,29.928511140663296,77.82124703144152,23.89271672602635,273.1532700802313,0,4.587051123046875,0,253.13649561331948,0,514.7235578134571,15.270684374999998,412.51967388461236,9.163157226562497,0,0.7617166015625,22.152712109375003,40.33900947265625,2.28338349609375,384.2876699641927,0.76651142578125,787.2503160567936,0,26.673442773437493,0,347.8971638181679,3.830412158203125,0,2.29044091796875,0,23.67816342773438,48.80185841662837,0.766086376953125,4.593500341796874,1261.619196964614,5.330137353515625,2.2966043945312498,2.2991489257812496,554.5912960502834,9.913248681640624,0,162.06294667911305,0.765403564453125,205.3159026822917,41.91757836914063,0.766382958984375,99.92636241804533,358.77641155541517,0,0,544.0290465040976,28.259505908203124,15.265118310546875,4.5911634765625,79.47786318359374,3.056342041015625,324.1647149446615,1.5276048828125,0,2.2953248046875,9.16323837890625,64.02877187499999,0.766738671875,0,0.7660369140625,0,45.9173388671875,84.02471640625,5.343152880859375,284.0503993164062,18.313291943359374,168.13361096354168,440.3225777470128,0,126.4354515804994,9.947206689453127,529.0758429549635,0,22.114401513671876,19.12914892578125,1.52626181640625,1.528953515625,0.762125341796875,2.284331640625,144.60632034754138,481.27679164751834,527.5319880344285,269.57297439242495,631.6018192026655,0,0,214.23624784983912,0,84.7629983170573,1460.0557433940335,28.229457421874997
Palmerston North City,2019-2020,hectares,4.9983074266620715,0,0,52.71802890337775,1.521266748046875,5.297726943359375,14.449615673828125,20.540466015625,29.69309223632812,0,3.0411037597656247,0,50.79705642463236,0,134.63872397460943,0,7.613244238281251,3.0428206542968748,0,2.281545263671875,21.30856339556526,13.159129114774816,0.76089814453125,21.287109591567095,0,38.1924657310815,0,0.760788232421875,0,69.26218519473807,0,0,0,0,0,7.609667578125,0,0,111.13543954465378,0,0,0,100.41109828412223,0,0,3.0449595703125003,1.5211767578125,12.9445984375,1.522654931640625,0,19.79456005859375,28.156425634765625,0,0,57.07641044921874,3.046247900390625,0,0.75988828125,2.28188359375,2.281295361328125,63.826471040134805,0,0,0,1.5213466796875,17.504427804074755,0,0,0,0.761756494140625,7.59832216796875,10.65580625,0,11.41527265625,0,6.091586279296875,28.71822798177083,0,6.848112255859376,2.284640966796875,70.92758391812194,1.520776953125,12.170207958984374,3.042771875,0.760758251953125,0,0.762125341796875,3.6019351221660543,13.6999546875,8.374380615234374,35.99888428079044,25.22280803806679,59.624459160539224,0,0,20.7727843682981,0,6.093573144531251,133.08135330480238,2.289170305223652
Tararua District,2019-2020,hectares,12.933518115234374,0,0,343.25425234375,14.384120263671875,2.281326171875,99.63311357421875,22.80702666015625,219.719060279182,0,12.165961865234376,0,533.7802916503905,0,614.8563551989511,10.655979443359374,379.5686592285157,6.065945068359375,0,0.760088427734375,140.6826562011719,3.036477685546875,5.321517724609374,2880.913239503295,0,593.6794094238284,0,2.280659765625,0,402.00836370040594,0.764124560546875,0,0.760848193359375,0,27.36416015625,2.276152294921875,1.528963623046875,15.969064843750001,775.5909957917814,0.76021845703125,2.28994794921875,1.517281591796875,908.8229152336088,55.418304052734385,1.5167296875,32.738525244140625,0,149.8362738769531,17.4895517578125,0,95.74523007812499,50.9289283203125,0,0,210.24854236002605,6.844548193359375,5.336301562499999,7.599240234375001,38.00505244140624,34.215886718750006,191.94164684302243,2.2737890625,0,9.12628828125,1.5229244140625,69.12940874023438,3.042190283203125,0,0,12.940579736328127,62.44584916992188,172.7925586521523,8.367257373046876,200.85195371093752,15.952763037109374,157.14958959865197,1278.5204848567707,0,6.08274228515625,3.042742822265625,89.0111363660386,0,6.830907910156249,15.23934033203125,1.514287890625,0,3.0435703613281246,15.959886962890627,101.20293969726565,298.94205737304696,229.89168339843752,174.77986489257813,143.67423613281247,0,0,250.40362978515626,0,11.407502685546875,712.4178323749617,40.3883046875
Horowhenua District,2019-2020,hectares,20.517181738281252,3.034126171875,0,27.322823730468752,6.072672216796875,28.11531352539063,18.967035205078126,22.013623925781246,88.3947186406633,0,9.85230751953125,0,128.34501181640633,0,301.5237896043964,5.3141947265625,7.574265576171873,3.799560107421875,0,0.757118798828125,28.854198095703126,1.51523310546875,3.80138193359375,44.80147104492188,0,170.89385304457724,0.759638037109375,14.425760351562499,0,134.35159794921873,0,0,4.55693642578125,9.857150244140627,3.79709619140625,31.153284619140628,0,0,111.5897645735677,7.591722167968751,0,0,71.33882436523439,60.737164892578136,0,6.070171240234375,0,40.98456396484375,55.4351478515625,0,54.63086127929687,114.65554545898436,0,0,28.86100608226103,6.83374501953125,0.758635791015625,0,12.14503818359375,3.794218994140625,103.43961518344055,0.757169091796875,0,2.279234423828125,2.277541357421875,43.98809702397365,0.757289794921875,0,0,0,2.2788439453125,20.499802783203126,1.5178330078125,32.61837275390625,5.317909375,22.002198291015628,83.55811855468744,0,61.52257060546875,0.758143994140625,387.61865930281084,0,18.969657080078125,2.279684765625,0,0,3.789792578125,7.5943271484375,78.23436123046876,18.214613232421875,218.71797524414063,47.8236859375,142.71362656250002,0,0,52.40981201171875,0,21.266096484375,303.2734807601868,12.899643212890625
Kapiti Coast District,2019-2020,hectares,0,0,0,6.587618311312806,0.75579921875,0,7.553559814453125,19.634334667968748,3.7804844726562497,0,26.431828613281247,0,150.67946747759643,0,151.0598263340609,0,0,0.7553552734375,0,0.7551634765625,6.0435885742187505,0,0,10.585630078124998,0,1.5132612304687498,0,0,0,32.50035043945312,0,0,0,0,0,3.0263208984375,0,0.755859716796875,28.706155322265623,0,0,0,6.630951102941177,3.6854538522518383,0,0,0,0,0,0.75579921875,3.783369580078125,12.844414550781249,0,0,4.532329541015625,0,1.51107392578125,0,3.0264012695312497,0,11.302527286305148,0.754718994140625,0,0,0.755859716796875,13.541033805338541,0,0,0,1.5107890136718751,1.510799072265625,10.565074560546876,0,11.327952197265626,0,0,23.426076513671873,0,4.267957952473958,0,12.860438330078123,1.51210263671875,14.362002734374999,0,0,0,0,0,3.02446513671875,11.900189341107538,11.326386181640625,23.307142274050246,0,0,0,5.294072363281249,0,0,0.756071484375,0.755203857421875
Porirua City,2019-2020,hectares,0,0,0,0,0,0,2.259451025390625,15.05657890625,0.75235927734375,0,1.505580810546875,0,43.68997410003063,0,140.3321657437194,0,0,0,0,0,0.752541943359375,0,0,3.76377421875,0,0,0,0,0,0.753008447265625,0,0,0,0,0,0,0,0,9.032379443359375,0,0,0,2.25818369140625,6.020761474609375,0,0,0,0,0,0,1.506756689453125,0,0,0,0.752967919921875,0,0.752552099609375,0,0,0,0.7528158203125,0,0,0,0,0,0,0,0,0,0,5.2700248046875,0,0,0,0,3.011374755859375,0,0,0,0,0,0,0,0,0,0,1.5060270507812499,8.279066601562501,0,0,7.253448700405944,0,0,0,0.753150390625,0,0,0,0.7759664924172793
Upper Hutt City,2019-2020,hectares,0,0,0,0,10.542472509765624,0,4.515725634765625,12.512496775045957,0,0,10.6599830725337,0,99.03537574142156,0,212.06489118930006,0,0,0,0,0.752511474609375,3.7661065429687506,0,0,2.25668173828125,0,0,0,0,0,5.2699638671875,0,0,0.75318076171875,0,0,1.50640205078125,0,0,12.04391572265625,0,0,0,2.2564078125,33.14300390624999,0,0,0,0,4.516711474609375,0,2.2595727539062502,10.533910595703123,0,0,0.75234912109375,0,0,0,0.75206484375,0,0,0,0,0,0,0,0,0.753201025390625,0,0,1.504941796875,7.339430716337316,0,0,0,0,15.050614355468749,0,0,0.753109814453125,0,0,0.7530490234375,1.5046677734374998,0,0,0,1.5061689453125,5.267639794921875,0,0,13.061573389820772,0,0,0,0,0,0,0,3.0088482421875
Lower Hutt City,2019-2020,hectares,0,0,0,0,0,0,0.751770263671875,10.5185626953125,0.750070849609375,0,3.75644013671875,0,12.02787724609375,0,45.8422624511719,0,0,0.751343359375,0,0,0,0,0,1.502615576171875,0,4.500394482421875,0,0,0,0,0,0,0,0,0,0,0,0,3.0020033203125,0,0,0,1.5043125,0,0,0,0,0,0,0,0,1.5035202148437499,0,0,0,0,0,0,0,0,0,0,0,0,0,0,0,0,0,0,0,2.254802587890625,0,0,0,0,2.2547617187499998,0,0,0,0,0,0,0,0,0,0,0,3.7568590820312497,0,0,3.002084765625,0,0,0,0.750101416015625,0,0,0,1.2822538344439338
Wellington City,2019-2020,hectares,0,0,0,0,0,0,0,6.0141001953124995,0,0,3.004722509765625,0,21.783432666015614,0,8.117709575099571,0,0,0,0,0,0,0,0,0.752298388671875,0,0,0,0,0,0.75190234375,0,0,0,0,0,0,0,0,2.256864697265625,0,0,0,1.6963158978630515,0,0,0,0,0,0,0,0,0,0,0,0,0,0,0,0.7518515625,0,0,0,0,0,0,0,0,0,0,0,0,2.25379580078125,0,0,0,0,1.50455615234375,0,0,0.752237451171875,0,0,0,0,0,0,0,0,1.126581477098652,0,0.752227294921875,4.5104988769531245,0,0,0,0,0,0,0.1770089958639706,0.75215625
Masterton District,2019-2020,hectares,16.021732129863665,0,0,360.65940664062504,18.905462890625,0,193.15578417968754,1.511194482421875,182.3741475423177,0,122.88962485351561,0,1362.8179812011724,0,2129.4526832067622,39.657361399356624,153.5359289085478,1.5045256835937502,0,0.755123095703125,269.9425949276194,0,0.7544056640625,1912.8381690655642,0,307.4240665992647,0,0.75564794921875,0,297.4733915477559,12.845748779296878,0,1.5059357421875,3.7676391113281253,79.98267421875002,5.29031025390625,1.50846748046875,13.084162726141239,567.915879563802,0,7.543760107421876,1.5120623046875,1397.8876671779253,249.89325644531255,0,73.89066577148436,0,55.847694140625,36.28086889648438,0,97.35382875976563,165.0836933457797,0,0,561.306131817555,1.51065,17.351099462890623,2.2694125,34.708101171875,59.69180532226564,144.67620230736827,0,0,2.266560400390625,4.5266361328125,9.068749755859374,0.755173583984375,0,1.5099318359375,13.558768359374998,15.864188671874999,162.3140606933594,0,92.06926337890626,41.00083251206342,106.14226033547796,2315.171001319316,0,1.507372705078125,9.04797392578125,26.845764021905637,0,1.506756689453125,5.278700732421875,1.514287890625,0.755385546875,0.755133203125,49.79749038085939,135.18126456284463,141.86283346545648,53.14522236098345,249.10396484375002,76.75074091050094,0,0,128.96478186982995,0,34.72698681640625,510.54522221564787,17.362684472656248
Carterton District,2019-2020,hectares,9.785717724609375,0,0.7521765625,206.40614785156248,0.75142470703125,0,30.658874286151963,9.797690380859374,99.23925368164062,0.7528056640625,17.296800830078123,0,52.6632001953125,0,227.02708061753214,30.670328077129298,70.4288669410616,1.5051345703124999,0,0,82.70532190487131,0,0.7521359375,1280.9737448111957,0,215.82909560297955,0,0.752440478515625,0,208.22409358953738,0,0,4.5212931640625005,0,18.99232210171569,8.285705322265624,0,10.2802379821538,323.95510583639714,3.0157004882812504,2.258051611328125,0,776.6754620839076,36.85498032226563,0,26.365734472656253,0,24.837072314453128,80.52528754882815,0,37.67776323242188,191.60593395584397,0,0,271.9719322889859,3.0131986816406253,6.031015771484375,1.50737451171875,7.533096044921876,14.313136083984375,75.11763685049019,0,0,2.258345947265625,0,9.037698876953126,1.5056823242187498,0,0,0,9.045024072265626,26.336559228515625,4.52154638671875,55.71203661803002,24.863845166015626,164.04365401788453,861.5830871785005,0,8.287772314453123,6.783942919921876,33.44431307770374,0,9.04214921875,3.768841162109376,6.02947783203125,1.50484033203125,0,2.259591162109375,42.55280624617034,97.90165942382815,86.43757437787224,48.939628222656246,136.51151155867035,0,0,17.328425244140625,0,66.32006660156249,250.45283841739436,19.576317578125003
South Wairarapa District,2019-2020,hectares,31.561805371093744,9.763998046875,0,229.22840605468755,1.499478955078125,27.754710253906246,51.77548984375,69.80088735351562,170.75180276367186,0,6.753219042968749,0,175.5477791503906,0,240.02373247070318,23.298808642578123,171.21967778320314,1.502269189453125,2.2518992187499998,2.24964169921875,3.7556436523437497,3.75321591796875,0,516.8107662231921,0,711.8945794962085,0,24.778546728515625,0,257.75289875861677,4.4955900390625,0,1.501373388671875,11.270855908203124,29.287982118566177,50.30363037109374,0.749856787109375,0.74966298828125,645.8903164905026,3.7613698730468754,3.0060847167968747,0.74989755859375,547.0382562011719,7.504172558593751,0.74989755859375,29.301886328125,0,45.84220766601562,24.033780029296878,2.25623515625,204.16324160156245,181.50431294270834,0,0,407.0835753417968,13.530580859375,2.249633349609375,0,33.78273872070312,23.252507763671872,161.37634073701744,0,0,13.524283886718752,3.0053980957031254,39.07697631835938,6.763460742187499,0,0.7515060546875,1.4993054687499998,8.273293359375,98.92331943359375,8.2566462890625,165.2619482940794,60.87013251953125,356.04155073242197,551.1936448661535,0,45.04852343750001,12.773662939453127,160.72226362304693,0,21.02020283203125,1.50264580078125,0,0.7512009765625,0,5.251876806640625,112.67442924804686,165.21374975585934,269.8399081542969,132.6274853481158,226.8627272949219,0,3.0025310546875,72.06986635742187,0,18.781560742187498,386.5508358432904,34.57613999023437
Buller District,2019-2020,hectares,0.7390478515625,1.4806484863281248,0,22.930384179687504,5.180619238281249,11.896218798828126,27.529557177734375,124.6014650390625,230.4496339022289,0,11.853470507812501,0,87.32469443359378,0,275.1215454589843,0,598.1363386364505,13.385248974609373,14.194522607421874,2.229171923828125,1.486946923828125,0.739639892578125,0,4.4469275390625,7.393217431640624,248.64840351562495,0,3.7031626953125,0,3.7165763183593747,0,1.4804410156249999,0,14.104739501953125,0,20.776345312500002,0,3.6930873535156254,395.7082651968443,66.76612255859374,0.738912744140625,8.908069287109376,53.47520327148437,25.20108334960937,26.47980224628524,0.750620947265625,2.2247118164062503,9.65789912109375,190.41246938170178,63.07508247070311,117.47502975394457,40.73425917968749,3.69644443359375,6.666873388671875,2.2297390136718747,0,0.745485986328125,6.7034158203125,286.33816992187496,0,161.8398361816406,0,0.738850341796875,2.220484326171875,22.238168652343752,35.58372568359375,0,0,0,0,0,40.81151630859375,11.844054833984375,53.542924462890625,6.667689453125,52.26863720932906,22.36903696289063,2.21700849609375,44.510059472656245,0.74128818359375,156.49505795898443,55.57605268554688,14.06625986328125,36.43394599609374,0,17.03531435546875,0,0.739619140625,5.176160546875001,414.1467312861903,157.24419836856615,103.09467343749999,18.57258842773437,0,2.96273935546875,91.38182016601561,0,33.46561708984375,40.802525292968745,1.4782515625000001
Grey District,2019-2020,hectares,2.2111482421875,0.736089013671875,0,1.477513427734375,12.5223890625,9.581050390625,11.791661083984376,123.87816835937498,156.25175708007814,0,23.57068364257812,0,241.10628559570304,0,374.194402392578,5.915831640625,531.9974944201902,9.63314480009191,8.125315771484376,2.9471406738281254,29.454949609375007,0,0,8.828500732421874,0,84.82617524414061,0,1.472741943359375,0,49.381300585937495,0,0,0,11.827245996093747,0,2.212208837890625,0,2.9470895996093747,527.2172589725031,28.785779003906253,2.2088615234374998,0,57.465711572265626,38.334984423828125,42.14007675781251,2.9445638671875,2.2101836425781247,12.511191552734374,59.74116791992188,167.22090893554687,268.45323966241574,20.653756738281253,0.736162109375,4.43129970703125,2.2126553222656247,5.159041699218749,4.420727978515625,2.954652392578125,228.10073674804687,0,172.89226394646144,0,0,0,4.428074365234375,33.9137294921875,0,0,0,0,0,59.64275371093749,14.009023779296875,14.728893261718751,4.4199888671875,109.83956230468749,82.50617607421871,1.4724287109375,87.83859223632814,3.68872421875,45.756346728515624,42.066690625,6.630180322265625,25.043024755859378,1.47835546875,4.4219302734375,0,7.31553591126685,2.9495355468749995,577.8696458789061,103.55789979262407,129.70385854492184,31.037035498046876,0,0,99.00750236691944,0,75.86249038085937,139.1421835449219,0.73797646484375
Westland District,2019-2020,hectares,0,4.40628759765625,0,3.6530283203125,5.13747158203125,2.9269390625,33.40671084348193,217.66829227251839,366.7319665527345,0,17.610803564453125,0.719915087890625,218.85372783203127,0,154.2591805664063,6.549125,514.5117175292968,37.756607177734374,0,11.6172333984375,42.82906938476563,14.6005630859375,2.923259814453125,9.434135498046876,3.5973603027343755,33.62620693359375,6.577852978515626,0,0,18.186823046875,0.720847412109375,1.45968359375,0.720579638671875,1.467699267578125,0.729039111328125,31.373704003906248,0,0,368.2028568307674,1.466325048828125,8.02143564453125,3.6344063964843754,25.4425853515625,5.4540283683746935,3.6506866699218747,5.1293238769531255,24.883282861328127,62.17278002929688,24.909141796874998,20.5109662109375,294.2546466061583,21.17381489257812,0,8.071758984375,3.6410663574218747,1.4622155761718751,1.448212060546875,2.189199609375,111.87910161017925,5.12145458984375,292.7220612779566,0,1.46674482421875,2.1644630371093747,0,219.63286936848948,0,0,0,0.725243994140625,0,102.79391923828123,5.130711474609376,37.279444140624996,23.233117041015625,48.814702197265625,48.72980981445313,0,29.877903759765623,2.92678359375,87.46693154296875,46.80440375976563,84.65236728515626,43.04530922851562,2.197180859375,6.564503076171874,3.6301501953125,13.912536425781251,2.938767529296875,271.99814638671876,238.44359301757817,197.47139267578115,2.92527333984375,0.71557841796875,2.8879526855468747,91.42023979492187,0,80.51484799804689,40.17818432617187,7.296287158203124
